id,first_name,last_name,email,phonenumber
1,Ailey,MacGiolla,amacgiolla0@webnode.com,988-268-1695
2,Sutherland,Stoddart,sstoddart1@netvibes.com,197-289-8079
3,Jillian,Greenall,jgreenall2@furl.net,499-715-8221
4,Randi,Backwell,rbackwell3@newyorker.com,865-871-0661
5,Gustavus,Harfleet,gharfleet4@pen.io,451-421-1271
6,Goldarina,Broster,gbroster5@eepurl.com,333-133-4203
7,Ida,Arton,iarton6@dailymail.co.uk,857-315-0787
8,Ninnette,Barnby,nbarnby7@4shared.com,422-332-4348
9,Eilis,Havik,ehavik8@weibo.com,410-559-7409
10,Alma,Bryers,abryers9@histats.com,335-731-0673
11,Delainey,Anshell,danshella@merriam-webster.com,175-268-3114
12,Axel,Metterick,ametterickb@woothemes.com,998-115-4851
13,Iorgo,Carlisi,icarlisic@discovery.com,989-735-1451
14,Lindsy,Endrizzi,lendrizzid@flavors.me,119-711-0476
15,Gilbertina,Riddock,griddocke@gizmodo.com,757-263-4576
16,Buiron,Gozzard,bgozzardf@theglobeandmail.com,756-333-9965
17,Alex,Seth,asethg@census.gov,661-296-5250
18,Marcelle,Rowlson,mrowlsonh@merriam-webster.com,471-892-0304
19,Jerrie,Halesworth,jhalesworthi@vinaora.com,574-778-8482
20,Leelah,Tessier,ltessierj@amazon.com,636-887-0536
21,Shanan,Paulton,spaultonk@skyrock.com,423-470-6314
22,Hermina,Noury,hnouryl@chronoengine.com,507-244-0537
23,Odetta,Geal,ogealm@themeforest.net,805-413-9557
24,Gael,Naden,gnadenn@comcast.net,390-320-5827
25,Tommy,Treharne,ttreharneo@walmart.com,875-550-7268
26,Aubrie,Brimelow,abrimelowp@surveymonkey.com,577-678-2748
27,Ashla,Barhem,abarhemq@weather.com,757-930-3277
28,Elena,Craighill,ecraighillr@furl.net,243-984-1961
29,Iver,Zylbermann,izylbermanns@comcast.net,678-835-3858
30,Augustina,McKeighan,amckeighant@mashable.com,800-669-9343
31,Symon,Philbrook,sphilbrooku@vinaora.com,916-693-1729
32,Pauly,Quaife,pquaifev@histats.com,593-885-8597
33,Willis,Roseby,wrosebyw@live.com,604-887-8050
34,Gray,De Laci,gdelacix@taobao.com,822-417-0134
35,Lin,Petrelli,lpetrelliy@wiley.com,837-236-5081
36,Lizzie,Oswick,loswickz@omniture.com,268-596-6568
37,Eugenius,Breedy,ebreedy10@hao123.com,236-369-4743
38,Mohammed,Odam,modam11@tumblr.com,453-489-1795
39,Mill,O'Cahsedy,mocahsedy12@reverbnation.com,921-634-5262
40,Dorine,Biaggiotti,dbiaggiotti13@archive.org,283-129-4102
41,Roth,Salle,rsalle14@google.cn,331-359-6293
42,Melisse,Raiker,mraiker15@newsvine.com,561-543-4909
43,Koren,Silver,ksilver16@bloglines.com,530-261-8568
44,Cash,Pavolini,cpavolini17@symantec.com,675-392-2536
45,Jessalyn,Silverman,jsilverman18@live.com,694-811-7875
46,Rosalinda,Jime,rjime19@state.gov,783-176-6348
47,Robenia,Bulbeck,rbulbeck1a@barnesandnoble.com,302-865-2001
48,Trever,Rudolf,trudolf1b@hao123.com,256-842-0605
49,Marjorie,Renols,mrenols1c@example.com,577-481-5752
50,Addie,Dinzey,adinzey1d@aol.com,575-114-1469
51,Wash,Dowall,wdowall1e@wikimedia.org,758-247-6169
52,Roy,Cremen,rcremen1f@ihg.com,997-800-0454
53,Teador,Hoyes,thoyes1g@behance.net,456-314-1092
54,Ruggiero,Roskelley,rroskelley1h@com.com,621-902-1651
55,Roselle,Pottle,rpottle1i@livejournal.com,716-818-5533
56,Ludovico,Begwell,lbegwell1j@i2i.jp,246-935-6060
57,Holly,Mattock,hmattock1k@de.vu,339-751-9520
58,Raviv,Gowar,rgowar1l@nps.gov,291-739-9459
59,Earle,Cone,econe1m@yale.edu,649-976-1858
60,Fenelia,Grier,fgrier1n@mit.edu,452-784-8087
61,Wit,Sidlow,wsidlow1o@paginegialle.it,428-857-2442
62,Jermain,Syms,jsyms1p@redcross.org,434-709-5098
63,Jule,Clitherow,jclitherow1q@mozilla.com,823-409-6626
64,Sigismundo,Bartoloma,sbartoloma1r@sina.com.cn,564-563-3492
65,Rochester,Raiston,rraiston1s@weebly.com,740-251-1959
66,Georas,Vossgen,gvossgen1t@delicious.com,153-442-8088
67,Mendie,Botte,mbotte1u@1und1.de,795-153-5812
68,Mala,Deary,mdeary1v@ft.com,551-856-3722
69,Jesus,Jarmain,jjarmain1w@etsy.com,922-838-4503
70,Bel,Brokenshaw,bbrokenshaw1x@gnu.org,262-562-4701
71,Nonie,Tilbrook,ntilbrook1y@theatlantic.com,169-405-7345
72,Thomas,Josephov,tjosephov1z@mozilla.com,896-686-4078
73,Shani,Ferras,sferras20@time.com,950-353-0700
74,Sabine,Heining,sheining21@house.gov,108-800-0043
75,Marietta,Keeble,mkeeble22@xing.com,884-569-2827
76,Krisha,Acom,kacom23@gmpg.org,445-557-0455
77,Grace,Couvet,gcouvet24@reference.com,632-236-9042
78,Nissa,Castelot,ncastelot25@naver.com,848-999-7576
79,Belicia,Cleef,bcleef26@dailymail.co.uk,428-711-5463
80,Xena,Lewry,xlewry27@scientificamerican.com,886-945-7149
81,Caddric,Birrell,cbirrell28@wordpress.org,375-913-4624
82,Francisco,Baines,fbaines29@tinyurl.com,811-867-7673
83,Doloritas,Nobbs,dnobbs2a@twitter.com,447-360-5968
84,Ado,Butfield,abutfield2b@homestead.com,604-200-2708
85,Jamie,Petherick,jpetherick2c@theatlantic.com,376-113-5515
86,Sherwood,Michallat,smichallat2d@nhs.uk,419-582-5676
87,Hadria,Loxly,hloxly2e@youtu.be,175-637-4726
88,Terrell,Krelle,tkrelle2f@com.com,793-666-7391
89,Alejandra,Melody,amelody2g@dell.com,194-972-0250
90,Roseanne,Washington,rwashington2h@ca.gov,904-464-1259
91,Jammal,Iacopetti,jiacopetti2i@i2i.jp,982-311-9868
92,Helena,Kapelhoff,hkapelhoff2j@networksolutions.com,475-681-5616
93,Waldon,Lunam,wlunam2k@theatlantic.com,126-467-7098
94,Swen,Elwill,selwill2l@yandex.ru,394-148-5830
95,Henka,Cripwell,hcripwell2m@uiuc.edu,209-799-7781
96,Flory,Sare,fsare2n@dagondesign.com,939-184-1782
97,Russ,Bony,rbony2o@parallels.com,316-562-5633
98,Lillis,O'Hearn,lohearn2p@senate.gov,433-304-8428
99,Cecile,Symonds,csymonds2q@nature.com,627-336-0622
100,Barry,Frier,bfrier2r@de.vu,292-807-5844
101,Anestassia,Cabedo,acabedo2s@ihg.com,516-676-4892
102,Kennedy,Phillp,kphillp2t@imdb.com,738-992-7520
103,Kirsten,Abrahamowitcz,kabrahamowitcz2u@yale.edu,795-955-3600
104,Tildie,Remington,tremington2v@cnet.com,350-646-3637
105,Benito,Chittleburgh,bchittleburgh2w@creativecommons.org,608-984-6195
106,Adam,Mearing,amearing2x@printfriendly.com,423-832-1985
107,Alvira,Weavill,aweavill2y@utexas.edu,473-432-1129
108,Anastasie,Priddey,apriddey2z@privacy.gov.au,197-726-1493
109,Lance,Giggs,lgiggs30@nbcnews.com,561-239-2378
110,Padraic,Duchatel,pduchatel31@prweb.com,422-107-3634
111,Mella,Adger,madger32@furl.net,481-669-4212
112,Ruth,Torrie,rtorrie33@arizona.edu,587-218-5081
113,Sande,Paolotto,spaolotto34@cnn.com,228-660-1982
114,Webb,Rasch,wrasch35@goodreads.com,878-577-3135
115,Ali,Dashkov,adashkov36@bandcamp.com,628-488-9827
116,Ardyce,Simmon,asimmon37@surveymonkey.com,609-591-2148
117,Madelin,Peealess,mpeealess38@bbb.org,132-313-2888
118,Jodee,Ruddoch,jruddoch39@house.gov,791-834-6286
119,Lucie,Harrad,lharrad3a@vimeo.com,121-532-6296
120,Pearl,Mozzini,pmozzini3b@fema.gov,406-331-0735
121,Lisa,Betty,lbetty3c@wp.com,881-866-8918
122,Krystal,Oxbury,koxbury3d@jugem.jp,155-459-4475
123,Gwynne,Yoselevitch,gyoselevitch3e@techcrunch.com,685-336-8692
124,Lenette,McLay,lmclay3f@jimdo.com,383-462-7459
125,Lynette,Joinson,ljoinson3g@amazon.co.jp,544-871-2281
126,Hagan,Antonognoli,hantonognoli3h@nationalgeographic.com,223-801-2210
127,Deidre,Keefe,dkeefe3i@altervista.org,873-215-3206
128,Isacco,Whitham,iwhitham3j@google.fr,433-415-5590
129,Star,Attenborrow,sattenborrow3k@nyu.edu,218-553-2249
130,Kaylil,Waind,kwaind3l@weather.com,591-425-4579
131,Lothaire,Keppie,lkeppie3m@newyorker.com,935-410-9243
132,Sula,Brackenridge,sbrackenridge3n@ca.gov,879-525-7070
133,Faustina,Bentick,fbentick3o@a8.net,944-473-2194
134,Beverly,Brighouse,bbrighouse3p@infoseek.co.jp,546-125-8903
135,Arv,Madgewick,amadgewick3q@netscape.com,991-755-7158
136,Jakie,Stonestreet,jstonestreet3r@ycombinator.com,247-892-5653
137,Hank,Behnke,hbehnke3s@ca.gov,779-321-2269
138,Northrup,Bailes,nbailes3t@dropbox.com,243-905-8966
139,Teodoor,Goodright,tgoodright3u@dedecms.com,265-153-7241
140,Marthena,Fitzsymonds,mfitzsymonds3v@instagram.com,406-934-7426
141,Shelba,Scholl,sscholl3w@yolasite.com,359-184-4824
142,Sara,Kersley,skersley3x@deviantart.com,433-259-8356
143,Gay,Putman,gputman3y@cornell.edu,622-951-0644
144,Britta,Rodder,brodder3z@vimeo.com,355-312-0066
145,Chelsie,McNulty,cmcnulty40@elegantthemes.com,536-256-5836
146,Ben,Alliban,balliban41@webnode.com,977-555-5886
147,Dredi,Dincey,ddincey42@stumbleupon.com,929-529-7150
148,Petey,Devonshire,pdevonshire43@prweb.com,709-925-7288
149,Etti,Boughton,eboughton44@youtube.com,491-641-7903
150,Dukie,Carillo,dcarillo45@paginegialle.it,707-990-4151
151,Floris,Milton-White,fmiltonwhite46@hp.com,796-735-3199
152,Jarvis,Filyukov,jfilyukov47@tripod.com,158-116-4758
153,Collen,Axtonne,caxtonne48@nasa.gov,854-613-3868
154,Oralla,Barton,obarton49@sourceforge.net,463-596-6800
155,Silvano,Hellmer,shellmer4a@utexas.edu,874-441-0181
156,Carmita,Reddecliffe,creddecliffe4b@free.fr,904-677-5935
157,Shell,Martyns,smartyns4c@un.org,382-650-6779
158,Cletis,Fidelli,cfidelli4d@themeforest.net,660-736-3300
159,Goraud,Pigott,gpigott4e@noaa.gov,203-352-2996
160,Yvor,Crannage,ycrannage4f@home.pl,640-450-8730
161,Shelley,Mundell,smundell4g@oracle.com,148-673-5291
162,Kalila,DeSousa,kdesousa4h@foxnews.com,548-689-7860
163,Enrique,Ingarfield,eingarfield4i@cdbaby.com,903-188-4522
164,Mariana,Steane,msteane4j@sbwire.com,766-795-9156
165,Joyce,Vickars,jvickars4k@constantcontact.com,698-271-3191
166,Donal,Casale,dcasale4l@sitemeter.com,686-558-0040
167,Waverley,Peddar,wpeddar4m@hp.com,763-870-3406
168,Eleanora,Lealle,elealle4n@businessweek.com,395-247-9864
169,Elaine,Ramm,eramm4o@gnu.org,503-814-5824
170,Atlanta,Huey,ahuey4p@mapy.cz,525-298-6023
171,Rooney,Baxstair,rbaxstair4q@indiatimes.com,594-751-6751
172,Kearney,Templman,ktemplman4r@51.la,344-546-0905
173,Evie,Exley,eexley4s@pcworld.com,207-215-6014
174,Ginevra,Haddleston,ghaddleston4t@ucsd.edu,472-941-2907
175,Colette,Poel,cpoel4u@com.com,526-603-9841
176,Prudence,Ferrick,pferrick4v@abc.net.au,448-632-1631
177,Alejoa,Cardoe,acardoe4w@netlog.com,145-220-5064
178,Irving,Kiddy,ikiddy4x@oaic.gov.au,993-455-3401
179,Leonhard,Lowell,llowell4y@hud.gov,249-484-5688
180,Kendre,Clayill,kclayill4z@forbes.com,693-909-1945
181,Keith,Rotte,krotte50@vimeo.com,290-669-5912
182,Eustacia,Binnion,ebinnion51@mediafire.com,764-856-6654
183,Rex,Boydon,rboydon52@addthis.com,432-946-1745
184,Errol,Kirtley,ekirtley53@google.co.jp,415-775-9831
185,Brocky,Kobierski,bkobierski54@comsenz.com,812-685-9890
186,Kaylil,Divis,kdivis55@topsy.com,150-643-1708
187,Eliot,Sante,esante56@sun.com,694-178-0686
188,Stepha,Mingotti,smingotti57@yellowpages.com,680-260-6798
189,Dorry,Murden,dmurden58@rambler.ru,286-553-6294
190,Holly-anne,Jaulme,hjaulme59@newsvine.com,593-108-4840
191,Silva,Burfitt,sburfitt5a@blogtalkradio.com,407-191-5812
192,Vivyanne,Petrik,vpetrik5b@about.me,697-703-1100
193,Barde,Gathercole,bgathercole5c@who.int,232-825-8752
194,Wrennie,Shipman,wshipman5d@w3.org,107-115-1412
195,Dene,Ostridge,dostridge5e@cdc.gov,715-594-1786
196,Norbie,Tocknell,ntocknell5f@google.ca,840-773-3341
197,Gris,Breawood,gbreawood5g@networksolutions.com,118-224-6973
198,Rodney,Pearcehouse,rpearcehouse5h@reverbnation.com,539-781-8059
199,Larissa,Trembey,ltrembey5i@msu.edu,345-246-5435
200,Erinna,Cuningham,ecuningham5j@jiathis.com,653-762-4804
201,Darcee,Matthensen,dmatthensen5k@wufoo.com,498-397-2102
202,Marsiella,Fildes,mfildes5l@wsj.com,212-393-5335
203,Branden,Habbeshaw,bhabbeshaw5m@constantcontact.com,687-495-9092
204,Jessie,Kopecka,jkopecka5n@live.com,878-117-8221
205,Elisabeth,Doy,edoy5o@paypal.com,577-825-0233
206,Loree,Byrd,lbyrd5p@imdb.com,809-621-4260
207,Olivia,Filippyev,ofilippyev5q@ox.ac.uk,253-172-5996
208,Pancho,McAneny,pmcaneny5r@uol.com.br,870-554-2170
209,Winston,Elder,welder5s@mayoclinic.com,351-262-1170
210,Shannen,Verick,sverick5t@desdev.cn,709-548-0113
211,Claudius,Scawen,cscawen5u@cloudflare.com,184-748-8482
212,Denni,Caddies,dcaddies5v@google.ru,355-704-0399
213,Damara,Brigshaw,dbrigshaw5w@printfriendly.com,984-834-7291
214,Carolyn,Huegett,chuegett5x@diigo.com,491-239-0058
215,Debora,Izatt,dizatt5y@gizmodo.com,778-955-4986
216,Verge,Salvadore,vsalvadore5z@biblegateway.com,815-464-5533
217,Thornie,Trittam,ttrittam60@youtube.com,994-278-1238
218,Amy,Gillott,agillott61@admin.ch,761-202-7402
219,Emilio,Caldairou,ecaldairou62@taobao.com,756-727-8277
220,Tanitansy,Stoffel,tstoffel63@mapquest.com,721-853-4001
221,Mick,Aery,maery64@oaic.gov.au,296-895-3280
222,Zachery,Cheetham,zcheetham65@feedburner.com,515-558-4515
223,Edithe,Fane,efane66@si.edu,598-392-3500
224,Wade,Ransom,wransom67@wikipedia.org,111-678-9736
225,Hogan,Lambersen,hlambersen68@redcross.org,809-811-8497
226,Hanna,Dober,hdober69@japanpost.jp,776-463-8040
227,Halsy,Moorton,hmoorton6a@amazon.de,141-209-0124
228,Hazel,Rilton,hrilton6b@amazonaws.com,392-306-7185
229,Quill,Staples,qstaples6c@fotki.com,662-580-8701
230,Katheryn,Shiell,kshiell6d@fotki.com,896-135-8982
231,Valli,Beecker,vbeecker6e@technorati.com,457-658-1054
232,Cris,Boullin,cboullin6f@si.edu,805-393-7047
233,Arlen,Thorsby,athorsby6g@jalbum.net,489-321-8939
234,Ozzie,Norsister,onorsister6h@fotki.com,776-751-5001
235,Raina,Colbertson,rcolbertson6i@sciencedaily.com,559-910-1237
236,Genevieve,Seiter,gseiter6j@about.me,813-540-7103
237,Kylie,Crollman,kcrollman6k@latimes.com,876-962-1390
238,Loy,Rawlings,lrawlings6l@yandex.ru,457-314-2322
239,Gillie,Grimstead,ggrimstead6m@canalblog.com,249-251-8618
240,Rickard,Sandyfirth,rsandyfirth6n@e-recht24.de,327-116-6151
241,Tiffi,Harrowell,tharrowell6o@instagram.com,520-974-6458
242,Guthrey,Jozsika,gjozsika6p@sbwire.com,831-555-6427
243,Nanine,Ingman,ningman6q@ihg.com,527-615-8826
244,Micky,Lowdiane,mlowdiane6r@mayoclinic.com,822-580-9216
245,Carmina,Domingues,cdomingues6s@blogger.com,754-231-1449
246,Shirlee,Tarbath,starbath6t@china.com.cn,342-600-3222
247,Bern,May,bmay6u@addtoany.com,589-657-2527
248,Anna-maria,Giovanizio,agiovanizio6v@slideshare.net,677-742-0430
249,Mycah,Clancy,mclancy6w@census.gov,758-629-3003
250,Reginald,Ickov,rickov6x@xrea.com,757-687-6276
251,Mair,Gaynor,mgaynor6y@wsj.com,294-803-0441
252,Malchy,Knightsbridge,mknightsbridge6z@independent.co.uk,493-543-1464
253,Miquela,Crowthe,mcrowthe70@time.com,479-230-5860
254,Ollie,Rappa,orappa71@cnn.com,232-147-1213
255,Rosco,Bowry,rbowry72@nifty.com,998-877-5127
256,Fae,Britner,fbritner73@prnewswire.com,298-903-4413
257,Allyson,Adshad,aadshad74@bizjournals.com,808-624-8659
258,Hilliard,Sheather,hsheather75@ftc.gov,598-607-1920
259,Marja,Philipard,mphilipard76@fastcompany.com,382-496-5876
260,Kelsy,Killgus,kkillgus77@hubpages.com,583-484-3346
261,Reinaldo,Mart,rmart78@twitter.com,727-139-4238
262,Abbie,Heersma,aheersma79@plala.or.jp,802-276-9842
263,Kristal,Walklett,kwalklett7a@amazon.com,367-260-1103
264,Kania,Lademann,klademann7b@1und1.de,163-813-5004
265,Mozes,Terbruggen,mterbruggen7c@ucsd.edu,673-596-1151
266,Putnam,Keave,pkeave7d@discovery.com,447-940-0871
267,Joeann,Jeppe,jjeppe7e@google.fr,617-642-6030
268,Addie,Barthot,abarthot7f@cloudflare.com,585-776-5435
269,Arlin,Petticrew,apetticrew7g@nydailynews.com,608-134-5773
270,Jeanine,Hughill,jhughill7h@sina.com.cn,637-677-7514
271,Hastie,Marchent,hmarchent7i@freewebs.com,691-770-3508
272,Pieter,Abrahamowitcz,pabrahamowitcz7j@ihg.com,997-766-2566
273,Menard,McLugish,mmclugish7k@purevolume.com,876-959-3638
274,Carolan,Boorer,cboorer7l@biblegateway.com,404-627-6843
275,Sileas,Brackenbury,sbrackenbury7m@narod.ru,156-263-0165
276,Rene,Kemmet,rkemmet7n@ebay.co.uk,572-879-5394
277,Stanly,Littell,slittell7o@google.cn,345-318-2031
278,Cad,Winslet,cwinslet7p@patch.com,983-951-8585
279,Valentin,Stockdale,vstockdale7q@bravesites.com,868-207-7810
280,Tammara,Harbidge,tharbidge7r@surveymonkey.com,894-801-1814
281,Elinore,Pavlenkov,epavlenkov7s@youtube.com,167-778-2458
282,Bobbye,Livingstone,blivingstone7t@indiatimes.com,929-312-9680
283,Franklin,Clines,fclines7u@spiegel.de,225-411-0657
284,Baily,Joist,bjoist7v@tripod.com,675-943-9106
285,Esra,Veall,eveall7w@mozilla.com,173-569-6275
286,Charmane,Weond,cweond7x@yahoo.com,593-637-1519
287,Betsey,Czapla,bczapla7y@tripadvisor.com,818-292-6980
288,Mari,Johnston,mjohnston7z@shutterfly.com,596-564-8774
289,Vi,Maffi,vmaffi80@craigslist.org,517-381-6130
290,Jermaine,Sutterfield,jsutterfield81@vistaprint.com,440-350-6008
291,Brande,Charlet,bcharlet82@technorati.com,334-637-0277
292,Rosalie,Sabberton,rsabberton83@about.me,325-869-3854
293,Aldo,Axelbee,aaxelbee84@china.com.cn,246-320-9479
294,Ravid,Corzon,rcorzon85@cafepress.com,238-405-0106
295,Dacia,Bunclark,dbunclark86@ehow.com,543-751-1587
296,Abie,Hacking,ahacking87@lulu.com,686-217-0546
297,Vergil,Winfred,vwinfred88@friendfeed.com,252-268-1607
298,Jeanie,Hayhow,jhayhow89@mashable.com,659-404-1176
299,Lauren,Capelen,lcapelen8a@google.ca,206-286-2963
300,Merilee,Gurry,mgurry8b@php.net,580-537-5345
301,Lorenza,Jakobssen,ljakobssen8c@sphinn.com,839-180-4316
302,Aaron,Kestin,akestin8d@comsenz.com,444-622-3836
303,Shurwood,Rankin,srankin8e@loc.gov,785-859-2249
304,Olivia,Chasney,ochasney8f@feedburner.com,558-546-2086
305,Florentia,Sergent,fsergent8g@sphinn.com,299-611-5848
306,Annmaria,Stappard,astappard8h@stanford.edu,153-715-6466
307,Kirsti,Crackett,kcrackett8i@tripadvisor.com,238-101-4171
308,Conway,Afield,cafield8j@tinypic.com,253-645-9598
309,Ros,Colborn,rcolborn8k@princeton.edu,638-796-1207
310,Tasha,Ranald,tranald8l@ucla.edu,239-985-8804
311,Marina,Wynrahame,mwynrahame8m@youtube.com,175-635-1136
312,Bale,Riordan,briordan8n@virginia.edu,648-120-2013
313,Leilah,Wilfinger,lwilfinger8o@cdbaby.com,327-854-1385
314,Husein,Malek,hmalek8p@engadget.com,405-526-1085
315,Chucho,McEvay,cmcevay8q@ucla.edu,645-347-9664
316,Benedikta,Roxbrough,broxbrough8r@si.edu,564-864-9011
317,Meriel,Oldknow,moldknow8s@goo.gl,736-472-3910
318,Mildrid,Di Baudi,mdibaudi8t@nps.gov,283-504-4871
319,Joe,Hearns,jhearns8u@so-net.ne.jp,248-751-5128
320,Sherill,Worsnop,sworsnop8v@nsw.gov.au,407-132-6993
321,Jacquenette,Negri,jnegri8w@psu.edu,962-266-2714
322,Shelby,Blenkinsopp,sblenkinsopp8x@taobao.com,479-198-4687
323,Babita,McKinn,bmckinn8y@timesonline.co.uk,578-696-6877
324,Marchelle,Matyushkin,mmatyushkin8z@bbb.org,690-579-1685
325,Gertrudis,MacHostie,gmachostie90@oaic.gov.au,805-328-4324
326,Rowan,Gorusso,rgorusso91@thetimes.co.uk,751-659-6574
327,Roby,Geistbeck,rgeistbeck92@cmu.edu,556-656-3791
328,Shamus,Hilling,shilling93@google.cn,924-550-5711
329,Dukie,De La Coste,ddelacoste94@hugedomains.com,436-619-0135
330,Thorny,Jobbing,tjobbing95@dedecms.com,903-542-7685
331,Rhetta,Gavaran,rgavaran96@google.com.au,786-739-7095
332,Cammi,Olanda,colanda97@globo.com,588-266-9331
333,Delmer,Caban,dcaban98@umn.edu,681-720-9667
334,Gert,Sends,gsends99@qq.com,489-484-1797
335,Flinn,Pacey,fpacey9a@amazon.de,610-530-3235
336,Gloriana,Crampton,gcrampton9b@indiatimes.com,881-402-6626
337,Zollie,Henden,zhenden9c@feedburner.com,640-930-2303
338,Klarrisa,Killner,kkillner9d@altervista.org,257-101-3046
339,Clea,Houldin,chouldin9e@ocn.ne.jp,301-460-3724
340,Sandra,Fullman,sfullman9f@histats.com,506-720-8611
341,Annnora,Neggrini,aneggrini9g@rambler.ru,801-581-6568
342,Enrika,Vigours,evigours9h@arstechnica.com,521-731-2369
343,Ame,Gribbin,agribbin9i@uol.com.br,443-241-5756
344,Bliss,Gannicleff,bgannicleff9j@yahoo.co.jp,768-684-6581
345,Maximilian,Brockett,mbrockett9k@house.gov,876-148-1130
346,Tymon,McCourtie,tmccourtie9l@ftc.gov,409-377-2251
347,Margarette,Pollett,mpollett9m@google.es,782-695-8598
348,Mauricio,Krauze,mkrauze9n@live.com,220-719-0748
349,Shaylyn,Ivanshintsev,sivanshintsev9o@so-net.ne.jp,360-198-1680
350,Kenneth,Fewtrell,kfewtrell9p@kickstarter.com,812-244-8493
351,Coralie,Murison,cmurison9q@guardian.co.uk,365-851-0168
352,Chantalle,Bottell,cbottell9r@prnewswire.com,609-581-4138
353,Pauline,Bishopp,pbishopp9s@intel.com,330-264-6010
354,Brennan,Yelland,byelland9t@furl.net,240-472-7139
355,Kora,Stoffersen,kstoffersen9u@usatoday.com,356-926-5401
356,Richart,Bennen,rbennen9v@xinhuanet.com,498-923-1451
357,Romy,Johnstone,rjohnstone9w@storify.com,449-502-8968
358,Fania,Corthes,fcorthes9x@desdev.cn,522-833-7969
359,Gabriel,Custard,gcustard9y@census.gov,953-468-5289
360,Corenda,Goodbarne,cgoodbarne9z@jalbum.net,723-998-8916
361,Chere,Cluff,ccluffa0@jugem.jp,191-335-9876
362,Gratia,Juggings,gjuggingsa1@businessweek.com,371-621-0472
363,Eduardo,Hayller,ehayllera2@tuttocitta.it,447-652-7490
364,Adam,Moncrefe,amoncrefea3@youtube.com,745-516-5906
365,Marisa,Thominga,mthomingaa4@hexun.com,420-956-4063
366,Grayce,Rootes,grootesa5@amazon.com,409-395-5055
367,Farica,Cattlemull,fcattlemulla6@state.gov,808-895-8596
368,Creighton,Bruhn,cbruhna7@harvard.edu,233-847-6035
369,Joete,Devorill,jdevorilla8@tripadvisor.com,730-892-5794
370,Ilyssa,Emlin,iemlina9@ucoz.com,153-538-8651
371,Raychel,Mitchely,rmitchelyaa@trellian.com,872-181-6217
372,Aldin,Minett,aminettab@google.co.uk,899-892-3721
373,Orelee,Engley,oengleyac@arstechnica.com,267-534-2163
374,Iver,Geere,igeeread@jigsy.com,444-992-4773
375,Isadore,Livesley,ilivesleyae@psu.edu,819-176-0384
376,Muffin,Faulkner,mfaulkneraf@histats.com,622-104-7087
377,Clevie,McTrustam,cmctrustamag@ucoz.com,374-954-1169
378,Tim,Heinert,theinertah@google.es,758-678-1528
379,Crystal,Fancett,cfancettai@fda.gov,965-325-5201
380,Clerissa,Maus,cmausaj@goodreads.com,614-379-1699
381,Sallyann,Woolston,swoolstonak@theatlantic.com,414-470-8796
382,Kippie,Canceller,kcancelleral@adobe.com,187-364-6152
383,Rafi,Knowler,rknowleram@google.fr,258-634-2896
384,Harriott,Borham,hborhaman@shop-pro.jp,496-544-9168
385,Zerk,Chesley,zchesleyao@arstechnica.com,766-277-5645
386,Lezley,Bresnahan,lbresnahanap@ft.com,885-606-4596
387,Mannie,Shewry,mshewryaq@apple.com,903-836-3436
388,Dominic,Wyld,dwyldar@discovery.com,893-670-2976
389,Tani,Devericks,tdevericksas@ovh.net,910-336-7748
390,Hugues,Gifford,hgiffordat@friendfeed.com,705-774-1202
391,Valma,Renvoys,vrenvoysau@dion.ne.jp,381-131-9296
392,Adolf,Brothers,abrothersav@livejournal.com,163-351-3132
393,Booth,Whipple,bwhippleaw@mysql.com,167-572-1054
394,Leif,Toller,ltollerax@photobucket.com,452-155-4666
395,Nike,Cottu,ncottuay@biblegateway.com,126-317-8490
396,Ricki,Guess,rguessaz@adobe.com,230-516-3671
397,Giff,Good,ggoodb0@toplist.cz,389-530-6477
398,Malorie,Mourgue,mmourgueb1@sourceforge.net,800-628-6238
399,Jacquenette,Startin,jstartinb2@fastcompany.com,951-836-5565
400,Arliene,Bazire,abazireb3@ehow.com,780-552-0286
401,Eunice,Dunsleve,edunsleveb4@netscape.com,948-383-0160
402,Dorelia,Gatecliffe,dgatecliffeb5@devhub.com,731-414-2329
403,Chantal,Byrd,cbyrdb6@hhs.gov,936-406-0385
404,Murvyn,Storie,mstorieb7@answers.com,119-614-9570
405,Ilysa,Jeskin,ijeskinb8@mediafire.com,335-640-9521
406,Chelsie,Coghill,ccoghillb9@tripadvisor.com,298-648-8894
407,Emma,Reisenstein,ereisensteinba@mayoclinic.com,469-928-5369
408,Jesus,Kingsford,jkingsfordbb@eventbrite.com,675-513-5408
409,Cornelle,Dundredge,cdundredgebc@live.com,717-182-9964
410,Quincy,Heugel,qheugelbd@zimbio.com,277-809-6960
411,Dredi,Sleite,dsleitebe@pen.io,750-801-7640
412,Rem,Rippon,rripponbf@ucla.edu,151-530-5973
413,Ronnie,Chasmar,rchasmarbg@addtoany.com,196-942-2054
414,Colver,Adds,caddsbh@vkontakte.ru,954-915-7579
415,Latashia,Bleackley,lbleackleybi@about.com,787-550-1060
416,Sheryl,Hagyard,shagyardbj@shop-pro.jp,671-930-4616
417,Kain,Place,kplacebk@nih.gov,904-103-6795
418,Aidan,Burdikin,aburdikinbl@ow.ly,118-367-9582
419,Antonie,Garrould,agarrouldbm@hhs.gov,540-800-2597
420,Denise,Thayre,dthayrebn@devhub.com,387-593-7091
421,Roy,Lauridsen,rlauridsenbo@smh.com.au,978-379-0901
422,Layne,Lechmere,llechmerebp@bravesites.com,105-314-7588
423,Alisha,Bosnell,abosnellbq@craigslist.org,218-160-8392
424,Cary,Ramsier,cramsierbr@howstuffworks.com,728-203-0032
425,Moritz,Bullant,mbullantbs@amazon.de,290-780-6492
426,Jodie,Londors,jlondorsbt@tmall.com,957-536-0615
427,Martynne,Cripps,mcrippsbu@cbslocal.com,647-603-1645
428,Anastasie,Ferrarotti,aferrarottibv@oakley.com,310-757-7013
429,Bendix,Fearnsides,bfearnsidesbw@bing.com,865-762-4547
430,Lowe,Trigg,ltriggbx@aol.com,349-877-5828
431,Shell,Lurner,slurnerby@123-reg.co.uk,180-153-4171
432,Richmound,Enbury,renburybz@github.com,796-516-8233
433,Maxi,Balshaw,mbalshawc0@independent.co.uk,639-242-9644
434,Antonetta,Goranov,agoranovc1@yelp.com,824-933-5788
435,Annora,Lemanu,alemanuc2@qq.com,469-178-3174
436,Lyndy,Rockliffe,lrockliffec3@nhs.uk,936-179-1088
437,Brien,Laverenz,blaverenzc4@biblegateway.com,873-598-7558
438,Olivier,Lock,olockc5@paypal.com,255-222-4828
439,Daisie,Frowing,dfrowingc6@princeton.edu,483-685-2794
440,Raymond,Gagie,rgagiec7@xing.com,608-565-3601
441,Myrtle,Ishchenko,mishchenkoc8@ezinearticles.com,928-262-3447
442,Flem,Ballinger,fballingerc9@ibm.com,370-237-4973
443,Sybyl,Bottjer,sbottjerca@state.tx.us,644-484-9179
444,Elonore,Arens,earenscb@dropbox.com,418-854-9177
445,Kirbie,Haseldine,khaseldinecc@disqus.com,112-373-6113
446,Lila,Soloway,lsolowaycd@stumbleupon.com,150-212-1611
447,Andie,Bryns,abrynsce@rakuten.co.jp,530-957-0960
448,Denise,Burrass,dburrasscf@drupal.org,339-812-5576
449,Heriberto,Mansour,hmansourcg@creativecommons.org,705-988-0331
450,Kalli,Beddin,kbeddinch@oaic.gov.au,701-953-7646
451,Horatio,Dofty,hdoftyci@hostgator.com,534-595-8698
452,Gus,Beachem,gbeachemcj@census.gov,490-853-7896
453,Mack,Westhead,mwestheadck@google.fr,901-232-9020
454,Lem,Sherer,lsherercl@liveinternet.ru,218-488-9999
455,Ursula,Gerrets,ugerretscm@lulu.com,284-270-9840
456,Antone,Redwall,aredwallcn@barnesandnoble.com,138-360-6004
457,Solly,Donnan,sdonnanco@typepad.com,144-654-6254
458,Lethia,Butrimovich,lbutrimovichcp@addthis.com,843-298-4245
459,Bartholomeus,Oris,boriscq@google.it,824-751-9661
460,Sergent,Worms,swormscr@virginia.edu,512-962-4835
461,Alla,Jowers,ajowerscs@hc360.com,575-698-4657
462,Maria,Broadhead,mbroadheadct@blogs.com,364-882-7423
463,Sasha,Frensch,sfrenschcu@chronoengine.com,863-287-4182
464,Andonis,Gwyer,agwyercv@cbc.ca,145-427-2995
465,Hy,Luscott,hluscottcw@yellowbook.com,766-602-7056
466,Rodolphe,Beauvais,rbeauvaiscx@comsenz.com,400-611-2791
467,Massimiliano,Wrighton,mwrightoncy@ocn.ne.jp,191-408-0548
468,Read,Darth,rdarthcz@jugem.jp,825-870-3622
469,Hortensia,Scutt,hscuttd0@dion.ne.jp,500-197-5231
470,Leif,Bosworth,lbosworthd1@imdb.com,714-954-5615
471,Sidnee,Glasgow,sglasgowd2@paypal.com,304-276-8524
472,Major,McCrostie,mmccrostied3@hhs.gov,502-202-5370
473,Evie,Michelle,emichelled4@yolasite.com,798-320-6757
474,Abraham,Olpin,aolpind5@fc2.com,877-583-6990
475,Odette,Dablin,odablind6@google.ru,542-603-5509
476,Perle,Kharchinski,pkharchinskid7@last.fm,642-378-0132
477,Dorelia,Cressingham,dcressinghamd8@360.cn,617-580-6092
478,Kelley,Cheltnam,kcheltnamd9@yelp.com,863-507-9152
479,Papageno,Cartin,pcartinda@networksolutions.com,827-814-9882
480,Dex,Trundler,dtrundlerdb@w3.org,216-618-1085
481,Odie,MacDwyer,omacdwyerdc@wikia.com,255-210-0605
482,Hervey,Sedcole,hsedcoledd@ovh.net,849-387-1089
483,Kennan,Naris,knarisde@wsj.com,284-386-9770
484,George,Zorzini,gzorzinidf@examiner.com,520-650-0326
485,Carmelle,Mulford,cmulforddg@state.gov,648-865-7575
486,Donny,Volette,dvolettedh@blogtalkradio.com,369-198-1450
487,Dexter,Peters,dpetersdi@wiley.com,414-319-2222
488,Farlie,Washington,fwashingtondj@edublogs.org,376-102-4359
489,Aviva,Rounsefull,arounsefulldk@moonfruit.com,539-232-7840
490,Lynna,Ordelt,lordeltdl@drupal.org,267-955-6458
491,Ellen,Keford,ekeforddm@va.gov,493-872-1316
492,Rosaline,Kettlestringes,rkettlestringesdn@icio.us,238-945-2324
493,Dorisa,Panchin,dpanchindo@is.gd,365-358-9908
494,Helga,Sayburn,hsayburndp@jiathis.com,891-724-1847
495,Tallie,Mityakov,tmityakovdq@privacy.gov.au,604-465-0305
496,Jennilee,Drane,jdranedr@google.co.uk,105-739-1345
497,Alic,Moran,amorands@alibaba.com,113-442-2336
498,Dael,Offield,doffielddt@mysql.com,292-524-9906
499,Constantia,Carmo,ccarmodu@loc.gov,573-451-2452
500,Ashlie,ffrench Beytagh,affrenchbeytaghdv@miibeian.gov.cn,215-913-6001
501,Barnabe,Telfer,btelferdw@google.cn,115-238-1789
502,Lydia,Stoker,lstokerdx@edublogs.org,592-550-3454
503,Lemar,Laytham,llaythamdy@mapy.cz,327-186-3128
504,Justinian,Butte,jbuttedz@tuttocitta.it,673-768-2716
505,Caye,Bulcroft,cbulcrofte0@mashable.com,985-783-3910
506,Falito,Oldale,foldalee1@dion.ne.jp,838-932-0698
507,Reginauld,Halhead,rhalheade2@blogger.com,450-834-4351
508,Gideon,Lessmare,glessmaree3@github.com,578-338-6413
509,Dody,Danilin,ddaniline4@amazon.com,286-613-3113
510,Kalindi,Stoffers,kstofferse5@loc.gov,840-209-7438
511,Jacobo,Minerdo,jminerdoe6@pen.io,418-664-8279
512,Ketty,Strathearn,kstrathearne7@stanford.edu,506-315-7256
513,Teodoro,Liff,tliffe8@csmonitor.com,941-766-9499
514,Janet,Donaldson,jdonaldsone9@de.vu,292-917-2824
515,Corny,Klimp,cklimpea@accuweather.com,788-858-0256
516,Em,Galiero,egalieroeb@ibm.com,885-257-0372
517,Thorndike,Feldberger,tfeldbergerec@free.fr,862-827-5013
518,Tobin,Minton,tmintoned@auda.org.au,419-595-3810
519,Tedie,Crosfield,tcrosfieldee@fda.gov,911-108-1942
520,Merralee,Duplock,mduplockef@sbwire.com,696-442-2688
521,Hector,Shergill,hshergilleg@is.gd,938-131-1087
522,Phaidra,Ganning,pganningeh@wix.com,890-187-2811
523,Tina,Bingell,tbingellei@usnews.com,404-275-8105
524,Jerrylee,Labdon,jlabdonej@ning.com,949-999-5630
525,Sharyl,Rumke,srumkeek@nifty.com,925-976-1461
526,Urbanus,Birk,ubirkel@pinterest.com,273-903-6725
527,Cindy,Ryott,cryottem@google.cn,333-668-1111
528,Lonnie,Pashan,lpashanen@pagesperso-orange.fr,451-933-0200
529,Armando,Creagh,acreagheo@ox.ac.uk,684-905-8527
530,Brent,Enderson,bendersonep@youtube.com,206-436-4965
531,Claudian,Zecchini,czecchinieq@eventbrite.com,596-822-0498
532,Mill,McIsaac,mmcisaacer@mediafire.com,704-582-9104
533,Gar,Brear,gbreares@theatlantic.com,131-415-7814
534,Eva,Pomeroy,epomeroyet@admin.ch,249-155-4675
535,Mortimer,Brunsen,mbrunseneu@auda.org.au,236-781-2213
536,Gilli,Tedstone,gtedstoneev@jigsy.com,676-576-1943
537,Dorthea,Biggam,dbiggamew@360.cn,669-512-9069
538,Hermon,Bachnic,hbachnicex@un.org,208-444-1659
539,Janaya,Congdon,jcongdoney@over-blog.com,488-637-3559
540,Catrina,Wignall,cwignallez@loc.gov,205-366-5032
541,Alameda,Joslin,ajoslinf0@goo.gl,270-778-6150
542,Andrei,McKerton,amckertonf1@omniture.com,600-168-2739
543,Jamison,Burril,jburrilf2@boston.com,890-780-8478
544,Costanza,Rickson,cricksonf3@nytimes.com,634-611-7495
545,Gustavus,Luckham,gluckhamf4@reddit.com,531-983-9295
546,Katleen,Slator,kslatorf5@sina.com.cn,121-668-1013
547,Bernete,Branch,bbranchf6@google.com.br,726-365-7271
548,Teresa,Foggarty,tfoggartyf7@phpbb.com,445-880-3272
549,Gerrilee,MacLardie,gmaclardief8@sogou.com,569-365-6670
550,Eduino,Gallyhaock,egallyhaockf9@spotify.com,509-838-5987
551,Mayer,Mullender,mmullenderfa@seesaa.net,304-250-4932
552,Reta,Ell,rellfb@pinterest.com,775-411-4267
553,Jenica,Mansour,jmansourfc@seattletimes.com,897-820-0850
554,Salomon,Keble,skeblefd@ft.com,240-764-0681
555,Lauren,Beddin,lbeddinfe@mediafire.com,309-862-2854
556,Arney,Pardoe,apardoeff@jiathis.com,606-679-6222
557,Charisse,Stainton,cstaintonfg@pen.io,291-531-7050
558,Emyle,Wessel,ewesselfh@cyberchimps.com,783-566-7534
559,Madalyn,Pfeifer,mpfeiferfi@princeton.edu,564-755-8087
560,Theodosia,Elham,telhamfj@eventbrite.com,683-798-7649
561,Rufe,Habeshaw,rhabeshawfk@usda.gov,135-541-7030
562,Francene,Simla,fsimlafl@gizmodo.com,428-517-0051
563,Darsey,Balaisot,dbalaisotfm@princeton.edu,148-986-2608
564,Thomasina,Huggons,thuggonsfn@fastcompany.com,529-796-4159
565,Lidia,Derham,lderhamfo@psu.edu,871-129-2261
566,Lavinie,Chappelow,lchappelowfp@tumblr.com,997-226-2283
567,Elberta,Levens,elevensfq@instagram.com,759-975-1885
568,Bentlee,Reightley,breightleyfr@dedecms.com,482-596-5709
569,Ulric,Bridgman,ubridgmanfs@indiegogo.com,911-246-6427
570,Brande,Gabb,bgabbft@artisteer.com,163-942-8709
571,Janaya,Grimsey,jgrimseyfu@fc2.com,191-303-4863
572,Linnie,Thunderchief,lthunderchieffv@sfgate.com,218-532-7385
573,Tris,Hibling,thiblingfw@webmd.com,827-300-8081
574,Nappy,Jiles,njilesfx@google.fr,619-931-9410
575,Matthiew,Fausch,mfauschfy@ftc.gov,650-376-3509
576,Murdoch,Petschel,mpetschelfz@cloudflare.com,667-282-3149
577,Daryn,Warhurst,dwarhurstg0@g.co,341-172-2514
578,Bradan,Von Oertzen,bvonoertzeng1@house.gov,536-432-3733
579,Lesley,Stairs,lstairsg2@accuweather.com,588-702-4704
580,Chelsea,Mcimmie,cmcimmieg3@weebly.com,759-181-8178
581,Charis,Rosser,crosserg4@cnet.com,282-683-6223
582,Dave,Hains,dhainsg5@dailymail.co.uk,234-218-5597
583,Vally,Haps,vhapsg6@odnoklassniki.ru,252-430-8572
584,Joyan,Ridsdole,jridsdoleg7@opensource.org,813-179-1808
585,Currie,Le Clercq,cleclercqg8@stumbleupon.com,632-327-2118
586,Teador,O'Nion,toniong9@icio.us,899-368-1071
587,Carin,Larkcum,clarkcumga@thetimes.co.uk,949-297-3809
588,Wyn,Seldon,wseldongb@vistaprint.com,232-227-9875
589,Orton,Liversedge,oliversedgegc@wix.com,766-812-4766
590,Patricia,Ivanilov,pivanilovgd@networksolutions.com,476-686-1737
591,Nicolea,Baszniak,nbaszniakge@homestead.com,960-386-1966
592,Rory,Brobyn,rbrobyngf@census.gov,503-497-8324
593,Hendrik,Whardley,hwhardleygg@indiegogo.com,952-420-0780
594,Candice,Drable,cdrablegh@cloudflare.com,373-249-5175
595,Tate,Marsland,tmarslandgi@wikipedia.org,855-355-0705
596,Samuel,Hazleton,shazletongj@bloglines.com,921-806-6449
597,Roderic,Gahan,rgahangk@domainmarket.com,800-954-6917
598,Brennen,Hofer,bhofergl@odnoklassniki.ru,464-526-2403
599,Silvan,Dayley,sdayleygm@wsj.com,938-560-2017
600,Axe,Petasch,apetaschgn@bandcamp.com,352-963-8212
601,Olimpia,Raw,orawgo@stumbleupon.com,696-315-3208
602,Val,Zammett,vzammettgp@studiopress.com,768-251-1170
603,Jacquelynn,Lille,jlillegq@ycombinator.com,354-972-0813
604,Horatia,Bridgestock,hbridgestockgr@reddit.com,157-833-5728
605,Levon,Minocchi,lminocchigs@rediff.com,401-508-4604
606,Car,Enochsson,cenochssongt@wikispaces.com,598-101-9111
607,Kristina,Fayre,kfayregu@nbcnews.com,686-261-4377
608,Violante,Keech,vkeechgv@europa.eu,722-462-0807
609,Bucky,Breagan,bbreagangw@soup.io,409-520-1975
610,Yurik,Janicek,yjanicekgx@msn.com,312-810-3081
611,Sheeree,Owttrim,sowttrimgy@amazonaws.com,303-957-0741
612,Roderich,Wixey,rwixeygz@biblegateway.com,951-186-3136
613,Kai,Garard,kgarardh0@uol.com.br,512-548-7231
614,Griswold,Sterley,gsterleyh1@discuz.net,602-816-5455
615,Brandise,Tattershall,btattershallh2@businessweek.com,671-326-3665
616,Stephanus,Middell,smiddellh3@wikipedia.org,453-569-6791
617,Pierrette,Allewell,pallewellh4@loc.gov,162-937-0495
618,Abby,Poyner,apoynerh5@ibm.com,572-328-7151
619,Hoyt,Hallwood,hhallwoodh6@prnewswire.com,194-527-0745
620,Che,Tolwood,ctolwoodh7@i2i.jp,816-131-0864
621,Violet,Latehouse,vlatehouseh8@scientificamerican.com,811-252-5097
622,Charlena,MacDunleavy,cmacdunleavyh9@ucoz.com,333-430-4998
623,Ray,Albrook,ralbrookha@cafepress.com,446-106-4744
624,Dori,Sexten,dsextenhb@prlog.org,966-129-9730
625,Marianne,Auld,mauldhc@a8.net,285-503-3630
626,Haslett,Hutcheons,hhutcheonshd@booking.com,460-836-9732
627,Jobi,Bydaway,jbydawayhe@miitbeian.gov.cn,202-801-3814
628,Germain,Houselee,ghouseleehf@goo.ne.jp,326-971-9881
629,Boy,Sommerfeld,bsommerfeldhg@loc.gov,510-782-8555
630,Roseanna,Wanell,rwanellhh@ted.com,644-928-1832
631,Cherianne,Laflin,claflinhi@netlog.com,103-396-3593
632,Benito,O'Hengerty,bohengertyhj@merriam-webster.com,591-123-5875
633,Brigitte,Gother,bgotherhk@canalblog.com,158-738-3199
634,Sibel,Bonevant,sbonevanthl@reverbnation.com,210-888-7089
635,Katusha,Bluschke,kbluschkehm@buzzfeed.com,159-981-7243
636,Mirelle,Duprey,mdupreyhn@ucsd.edu,892-490-3266
637,Ody,Klain,oklainho@berkeley.edu,593-497-4998
638,Jeane,Teck,jteckhp@toplist.cz,830-241-4685
639,Patrica,Rantoull,prantoullhq@g.co,151-724-6709
640,Aleen,Pally,apallyhr@wiley.com,405-390-6508
641,Vanna,Dods,vdodshs@wired.com,130-231-3391
642,Cyrillus,Mangeney,cmangeneyht@tripadvisor.com,153-940-0544
643,Blithe,Jaegar,bjaegarhu@time.com,214-186-9042
644,Devon,Gaffey,dgaffeyhv@princeton.edu,627-976-4719
645,Kiel,Drillingcourt,kdrillingcourthw@hatena.ne.jp,845-655-0297
646,Hilton,Stallen,hstallenhx@amazon.co.uk,562-731-1460
647,Byram,Radley,bradleyhy@quantcast.com,924-834-9265
648,Kariotta,Skentelbury,kskentelburyhz@elegantthemes.com,794-248-8352
649,Debra,Bloom,dbloomi0@google.es,709-428-3287
650,Charisse,Fransemai,cfransemaii1@yandex.ru,308-240-6281
651,Mela,Basso,mbassoi2@unc.edu,718-424-6947
652,Katya,Fredi,kfredii3@cam.ac.uk,410-270-5273
653,Blakelee,Ary,baryi4@ed.gov,931-138-3550
654,Mickie,Ivic,mivici5@t.co,694-719-6564
655,Trish,Marvin,tmarvini6@unc.edu,859-275-7948
656,Danyelle,Traylen,dtrayleni7@springer.com,527-341-3869
657,Birch,Ryman,brymani8@google.fr,686-477-2345
658,Ragnar,Schiefersten,rschiefersteni9@independent.co.uk,205-984-6955
659,Albertine,Heustice,aheusticeia@businessweek.com,219-857-3821
660,Bobine,Veldens,bveldensib@bloglovin.com,237-898-1191
661,Perri,Tinham,ptinhamic@buzzfeed.com,472-892-1966
662,Eolanda,Baistow,ebaistowid@live.com,803-226-2234
663,Nicolais,Seeley,nseeleyie@economist.com,915-287-8804
664,Agathe,Tutsell,atutsellif@icio.us,437-356-3471
665,Rosa,Prestie,rprestieig@hc360.com,829-198-8758
666,Vally,Pochon,vpochonih@de.vu,725-671-0772
667,Leanora,Lowdham,llowdhamii@biglobe.ne.jp,937-313-9518
668,Quinton,Marquot,qmarquotij@buzzfeed.com,981-698-0507
669,Erina,Askell,easkellik@webeden.co.uk,985-582-5495
670,Shaylyn,Kroon,skroonil@fc2.com,640-791-8317
671,Caria,Hindrick,chindrickim@domainmarket.com,273-203-2063
672,York,Desorts,ydesortsin@census.gov,408-900-6320
673,Aldo,Branwhite,abranwhiteio@google.co.jp,401-764-5635
674,Allyn,Woolveridge,awoolveridgeip@jimdo.com,171-445-3836
675,Aleen,Pennaman,apennamaniq@howstuffworks.com,601-235-6971
676,Rianon,Cayet,rcayetir@technorati.com,738-951-9456
677,Gerome,Tregunnah,gtregunnahis@eventbrite.com,372-638-6960
678,Yancey,Antao,yantaoit@dmoz.org,148-334-8217
679,Herta,Gaiger,hgaigeriu@wikimedia.org,960-920-6801
680,Adolphus,Scholig,ascholigiv@simplemachines.org,581-251-5637
681,Consolata,Giacobelli,cgiacobelliiw@godaddy.com,382-742-5937
682,Alwyn,Vannikov,avannikovix@nbcnews.com,848-300-9144
683,Gerhard,Jockle,gjockleiy@soundcloud.com,546-591-1561
684,Rheba,Goaks,rgoaksiz@about.com,295-647-6244
685,Bert,Wilber,bwilberj0@bing.com,823-335-2675
686,Emmit,Bartley,ebartleyj1@java.com,485-568-5718
687,Felicdad,Hanburry,fhanburryj2@weibo.com,287-965-8982
688,Eloisa,Chipps,echippsj3@php.net,152-282-1096
689,Estrellita,Scoates,escoatesj4@clickbank.net,118-891-8333
690,Minna,Braga,mbragaj5@sciencedaily.com,999-934-3231
691,Christoffer,Orbine,corbinej6@mozilla.org,294-177-8919
692,Kasper,Rowsell,krowsellj7@chronoengine.com,667-947-0844
693,Averil,Cromett,acromettj8@berkeley.edu,257-924-8239
694,Egor,Coronas,ecoronasj9@unicef.org,370-860-6669
695,Glenn,Gainor,ggainorja@scientificamerican.com,411-795-8076
696,Hasheem,Belson,hbelsonjb@technorati.com,518-124-4369
697,Maurice,Bourgour,mbourgourjc@prweb.com,109-234-4935
698,Marcel,Slopier,mslopierjd@shop-pro.jp,509-425-2686
699,Lind,Chubb,lchubbje@360.cn,899-846-1249
700,Devin,Whardley,dwhardleyjf@friendfeed.com,991-762-1467
701,Manon,Morrilly,mmorrillyjg@usnews.com,831-833-7618
702,Cybill,Mourant,cmourantjh@sciencedirect.com,149-284-3458
703,Lanna,Stud,lstudji@soup.io,570-550-8658
704,Gusta,Chadburn,gchadburnjj@phpbb.com,494-749-8585
705,Natala,Aberdeen,naberdeenjk@studiopress.com,991-602-0814
706,Adriane,Hakking,ahakkingjl@de.vu,682-364-2598
707,Stephana,Mennear,smennearjm@addtoany.com,627-576-7575
708,Merrili,Aikman,maikmanjn@boston.com,909-890-5096
709,Goldarina,Lober,globerjo@ftc.gov,373-435-4724
710,Ferrel,Barford,fbarfordjp@usatoday.com,961-376-4855
711,Hilda,Creer,hcreerjq@apache.org,727-118-7412
712,Cyrillus,Braddon,cbraddonjr@altervista.org,342-510-5664
713,Haley,Stowe,hstowejs@google.co.uk,154-865-8458
714,Genna,Boynes,gboynesjt@jiathis.com,226-860-3262
715,Rebecca,Barczynski,rbarczynskiju@discuz.net,640-236-3415
716,Ulla,Beedom,ubeedomjv@wix.com,152-395-4206
717,Sax,McCalum,smccalumjw@samsung.com,252-307-0596
718,Desmund,MacGillespie,dmacgillespiejx@nyu.edu,650-792-6346
719,Sherman,Lindell,slindelljy@g.co,483-749-4140
720,Germayne,Hacquard,ghacquardjz@thetimes.co.uk,584-523-6921
721,Harmonie,Ellingham,hellinghamk0@tmall.com,484-415-0560
722,Rasia,Thirlaway,rthirlawayk1@ox.ac.uk,400-495-1989
723,Jess,Cummungs,jcummungsk2@about.com,298-138-0261
724,Kelci,Solway,ksolwayk3@mysql.com,200-825-4465
725,Melody,Potteril,mpotterilk4@edublogs.org,454-957-4910
726,Noni,Mulford,nmulfordk5@flickr.com,375-107-9738
727,Damita,Got,dgotk6@japanpost.jp,581-407-1625
728,Kathy,McDonald,kmcdonaldk7@walmart.com,238-162-2017
729,Otes,Lamberteschi,olamberteschik8@unesco.org,752-968-6787
730,Beverlie,Shirlaw,bshirlawk9@home.pl,542-831-7861
731,Bee,Penylton,bpenyltonka@statcounter.com,967-268-4049
732,Korry,Marshland,kmarshlandkb@java.com,883-328-0254
733,Maddie,Nani,mnanikc@geocities.jp,701-496-3578
734,Ax,Brangan,abrangankd@nationalgeographic.com,867-588-5077
735,Shara,Filippone,sfilipponeke@nytimes.com,248-149-4522
736,Ichabod,Tildesley,itildesleykf@sun.com,965-248-1345
737,Mufinella,Bravington,mbravingtonkg@fda.gov,418-167-2806
738,Helen,Duhig,hduhigkh@google.es,135-277-7161
739,Chev,Hort,chortki@illinois.edu,584-447-3258
740,Davy,Spain,dspainkj@ed.gov,379-667-8270
741,Loella,Beazleigh,lbeazleighkk@bluehost.com,989-398-2311
742,Michal,Studman,mstudmankl@exblog.jp,206-426-1931
743,Kalvin,Ayerst,kayerstkm@hatena.ne.jp,498-230-5520
744,Natasha,Creebo,ncreebokn@pagesperso-orange.fr,249-568-5898
745,Barbe,Denisard,bdenisardko@barnesandnoble.com,713-953-4199
746,Rosella,Papaminas,rpapaminaskp@posterous.com,931-804-3976
747,Mallory,Bourgourd,mbourgourdkq@slate.com,407-632-5960
748,Ferne,McGairl,fmcgairlkr@rediff.com,434-683-4061
749,Patric,Garret,pgarretks@mayoclinic.com,932-564-7110
750,Ellary,Claricoats,eclaricoatskt@ovh.net,212-752-1989
751,Lexie,Battill,lbattillku@163.com,585-707-1786
752,Kristos,Sanpere,ksanperekv@bing.com,627-241-2786
753,Janek,Jedrysik,jjedrysikkw@abc.net.au,988-751-3202
754,Fax,Grealish,fgrealishkx@google.co.jp,699-557-3026
755,Charisse,Rehme,crehmeky@census.gov,344-386-8254
756,Rockwell,Tampin,rtampinkz@yelp.com,821-603-2791
757,Priscella,Klimuk,pklimukl0@businessinsider.com,891-371-1735
758,Rheta,Leaney,rleaneyl1@japanpost.jp,339-660-0236
759,Mame,Sollas,msollasl2@dyndns.org,721-265-9409
760,Myrtice,Server,mserverl3@devhub.com,352-803-2012
761,Vonni,Keijser,vkeijserl4@hibu.com,250-629-7399
762,Hugues,Timewell,htimewelll5@cdbaby.com,729-516-4248
763,Renie,Acreman,racremanl6@clickbank.net,533-614-6386
764,Miner,Sturley,msturleyl7@discuz.net,226-733-6717
765,Rikki,Knevet,rknevetl8@whitehouse.gov,253-409-6004
766,Karlene,Batrick,kbatrickl9@bloglines.com,975-169-8385
767,Rivkah,Harnor,rharnorla@tiny.cc,592-123-3555
768,Maisey,Bruyett,mbruyettlb@so-net.ne.jp,915-480-1951
769,Yul,Shackell,yshackelllc@tamu.edu,569-166-2223
770,Brocky,Strawbridge,bstrawbridgeld@archive.org,957-394-9895
771,Susanna,Southby,ssouthbyle@flickr.com,517-468-8009
772,Milton,Faircloth,mfairclothlf@whitehouse.gov,877-311-7836
773,Tynan,Pulbrook,tpulbrooklg@boston.com,237-475-2904
774,Nannie,Ambrosi,nambrosilh@rediff.com,202-551-2804
775,Minnie,Pollington,mpollingtonli@ehow.com,726-819-6431
776,Thorn,Peaple,tpeaplelj@boston.com,910-223-3733
777,Chris,Cuer,ccuerlk@independent.co.uk,804-416-1225
778,Hortensia,Deas,hdeasll@moonfruit.com,184-849-2600
779,Wayne,Feek,wfeeklm@infoseek.co.jp,596-758-3299
780,Joe,Bruinsma,jbruinsmaln@deviantart.com,801-222-3016
781,Prudy,Gotch,pgotchlo@craigslist.org,617-712-8237
782,Gay,McNirlan,gmcnirlanlp@geocities.com,197-559-2341
783,Carlin,Haggerwood,chaggerwoodlq@hostgator.com,234-880-3391
784,Theadora,Kersley,tkersleylr@independent.co.uk,334-744-8960
785,Oneida,Lampens,olampensls@biblegateway.com,169-797-1279
786,Vivyanne,Van der Hoeven,vvanderhoevenlt@altervista.org,798-619-3741
787,Korry,Norquay,knorquaylu@unicef.org,880-338-9515
788,Cassie,Urling,curlinglv@comcast.net,248-698-3178
789,Bobbee,Dwelley,bdwelleylw@themeforest.net,182-201-6912
790,Dennis,Wallsam,dwallsamlx@gravatar.com,585-763-5964
791,Irvine,Macveigh,imacveighly@yahoo.co.jp,872-442-5562
792,Hunfredo,Adamovsky,hadamovskylz@aol.com,872-969-4029
793,Marcellus,Kuhndel,mkuhndelm0@cnbc.com,229-809-3775
794,Ignaz,Covolini,icovolinim1@bloglines.com,308-797-6141
795,Far,Muddle,fmuddlem2@cloudflare.com,802-781-0758
796,Grove,Dunphy,gdunphym3@bravesites.com,572-512-3503
797,Robby,MacKartan,rmackartanm4@eepurl.com,384-811-4008
798,Etheline,Eustis,eeustism5@state.tx.us,372-635-1002
799,Petr,Cacacie,pcacaciem6@twitter.com,663-403-7981
800,Yvon,Mardle,ymardlem7@dell.com,521-668-1161
801,Cati,Kenrack,ckenrackm8@zdnet.com,417-499-6914
802,Harlie,Dedrick,hdedrickm9@opera.com,354-116-0408
803,Alisun,Lavielle,alaviellema@deliciousdays.com,172-753-9536
804,Rosanna,Acott,racottmb@typepad.com,908-869-0122
805,Butch,Rosenbusch,brosenbuschmc@apple.com,253-347-2793
806,Mariele,Berling,mberlingmd@scientificamerican.com,800-307-7886
807,Flor,Shipp,fshippme@biglobe.ne.jp,650-636-3809
808,Freddy,Monteaux,fmonteauxmf@theatlantic.com,376-268-3087
809,Grady,Mousley,gmousleymg@shareasale.com,510-194-8060
810,Donna,Vasilchenko,dvasilchenkomh@mediafire.com,690-449-1929
811,Sergent,Probbing,sprobbingmi@oaic.gov.au,955-337-6124
812,Gill,Balm,gbalmmj@merriam-webster.com,549-912-3986
813,Elli,Lenard,elenardmk@deviantart.com,854-924-6289
814,Gina,Naldrett,gnaldrettml@yelp.com,599-720-4108
815,Deedee,Thraves,dthravesmm@joomla.org,219-843-5287
816,Wolfie,Giraudel,wgiraudelmn@harvard.edu,519-271-8731
817,Blisse,Pickersail,bpickersailmo@wp.com,572-527-1715
818,Dorie,Napton,dnaptonmp@360.cn,242-149-8512
819,Florenza,Wilbor,fwilbormq@symantec.com,185-170-9057
820,Rhoda,Snap,rsnapmr@elegantthemes.com,192-615-7283
821,Lynnell,Fominov,lfominovms@pbs.org,238-748-7794
822,Wilie,Mirams,wmiramsmt@guardian.co.uk,460-416-6467
823,Ashien,Bygreaves,abygreavesmu@vkontakte.ru,978-389-2637
824,Janna,Scrivenor,jscrivenormv@bluehost.com,177-239-4697
825,Charil,Ashall,cashallmw@123-reg.co.uk,151-195-6578
826,Joannes,Graben,jgrabenmx@de.vu,669-360-8713
827,Zara,Steggals,zsteggalsmy@mysql.com,963-325-0395
828,Vanya,Berzons,vberzonsmz@hud.gov,551-167-0418
829,Falito,Salaman,fsalamann0@spiegel.de,482-537-5885
830,Sinclair,Robun,srobunn1@oaic.gov.au,376-975-0277
831,Si,Daughtry,sdaughtryn2@ifeng.com,640-873-4859
832,Ingaborg,Trevor,itrevorn3@epa.gov,772-151-6802
833,Bernard,Weatherall,bweatheralln4@sakura.ne.jp,150-763-5153
834,Elisabet,Paye,epayen5@apache.org,768-459-2926
835,Early,Schulze,eschulzen6@toplist.cz,770-329-8951
836,Sheila,Mundee,smundeen7@wikimedia.org,780-159-0740
837,Wendeline,Capstack,wcapstackn8@github.com,422-832-9407
838,Lu,Nornable,lnornablen9@histats.com,680-325-0331
839,Aharon,Breakspear,abreakspearna@wikipedia.org,252-576-1516
840,Laney,Tunno,ltunnonb@hatena.ne.jp,617-242-1887
841,Ailey,Godsmark,agodsmarknc@weather.com,650-724-4669
842,Mose,Guess,mguessnd@goodreads.com,235-908-0343
843,Sallyanne,Casado,scasadone@lycos.com,925-405-2353
844,Ker,Deboick,kdeboicknf@jigsy.com,876-930-6813
845,Saundra,Lightbody,slightbodyng@hc360.com,568-486-1010
846,Forest,Bantick,fbanticknh@sitemeter.com,236-677-7523
847,Glenn,Heinzler,gheinzlerni@taobao.com,728-515-2251
848,Saunderson,Tregensoe,stregensoenj@google.co.jp,960-852-9705
849,Karole,O'Ruane,koruanenk@wufoo.com,814-186-2302
850,Hussein,Sivills,hsivillsnl@flickr.com,834-871-4445
851,Brinna,Rounsivall,brounsivallnm@1688.com,447-114-1035
852,Julieta,Penwright,jpenwrightnn@census.gov,960-105-0702
853,Lorelei,Linnock,llinnockno@google.com.br,321-281-8976
854,Jessika,Lynnett,jlynnettnp@wsj.com,391-353-4833
855,Alick,Pfertner,apfertnernq@cnet.com,363-447-0213
856,Leeland,Burman,lburmannr@ning.com,826-761-6209
857,Christabel,Fairpo,cfairpons@accuweather.com,550-819-9273
858,De,Gladdis,dgladdisnt@dagondesign.com,944-887-5052
859,Anette,Beadnell,abeadnellnu@nymag.com,796-908-5104
860,Barbabra,Giacovazzo,bgiacovazzonv@hostgator.com,148-617-9677
861,Oberon,Marquot,omarquotnw@goo.gl,214-107-1744
862,Arin,Thews,athewsnx@nydailynews.com,495-202-9250
863,Kristi,Lambden,klambdenny@themeforest.net,714-552-3055
864,Emalia,Carpe,ecarpenz@latimes.com,364-129-5016
865,Damaris,Moogan,dmoogano0@tinypic.com,915-621-0343
866,Devi,Putten,dputteno1@cbsnews.com,660-391-0208
867,Orelle,Seemmonds,oseemmondso2@google.com,703-296-0859
868,Myer,Danniel,mdannielo3@jigsy.com,831-284-9420
869,Solomon,Earry,searryo4@bigcartel.com,983-930-5956
870,Bo,Van T'Hoog,bvanthoogo5@yale.edu,918-159-1334
871,Marne,Navaro,mnavaroo6@intel.com,543-229-9640
872,Emmott,Fawcitt,efawcitto7@cbsnews.com,493-533-4868
873,Annabelle,Matessian,amatessiano8@dailymotion.com,573-173-8768
874,Patty,Orsay,porsayo9@usgs.gov,905-250-4583
875,Cliff,Swadlinge,cswadlingeoa@chicagotribune.com,478-410-2867
876,Mord,Wandrey,mwandreyob@a8.net,383-393-6017
877,Mikaela,Utting,muttingoc@google.com.hk,619-878-5682
878,Rowland,Reddel,rreddelod@furl.net,234-824-4889
879,Rori,Pales,rpalesoe@reddit.com,639-649-0634
880,Ruth,Torr,rtorrof@boston.com,106-407-8149
881,Michelina,Hainey`,mhaineyog@angelfire.com,616-146-9686
882,Jacky,Segrave,jsegraveoh@examiner.com,566-594-7268
883,Nady,Muzzullo,nmuzzullooi@latimes.com,169-573-2924
884,Caddric,Mart,cmartoj@cargocollective.com,557-846-0147
885,Christos,Cocher,ccocherok@nymag.com,471-903-4697
886,Penelope,Stummeyer,pstummeyerol@irs.gov,597-458-6965
887,Mame,Attrie,mattrieom@sina.com.cn,357-611-9732
888,Bradley,Broose,bbrooseon@360.cn,127-424-6045
889,Brittan,Appleyard,bappleyardoo@ow.ly,730-454-3423
890,Lelah,Firidolfi,lfiridolfiop@xing.com,928-245-9235
891,Jodee,Goor,jgooroq@1und1.de,164-972-0248
892,Merrile,McPolin,mmcpolinor@moonfruit.com,607-565-6451
893,Audry,Whoolehan,awhoolehanos@wikipedia.org,172-604-3106
894,Rowen,Maletratt,rmaletrattot@seesaa.net,157-776-5386
895,Augusta,Peers,apeersou@phoca.cz,192-786-6682
896,Camila,Adkin,cadkinov@zimbio.com,209-616-4836
897,Skyler,Dwelling,sdwellingow@friendfeed.com,771-781-6628
898,Svend,Dumigan,sdumiganox@shutterfly.com,100-548-1556
899,Beilul,Provost,bprovostoy@elegantthemes.com,277-675-8026
900,Rianon,Willder,rwillderoz@yelp.com,667-667-7671
901,Tori,Salzberg,tsalzbergp0@goo.gl,686-606-8000
902,Doroteya,Grimston,dgrimstonp1@sciencedirect.com,711-185-5994
903,Ozzy,Huggens,ohuggensp2@fc2.com,999-694-2193
904,Shina,Sigg,ssiggp3@ca.gov,466-829-5105
905,Husein,Dake,hdakep4@wp.com,167-848-3361
906,Willow,Cahill,wcahillp5@marketwatch.com,265-672-4609
907,Angelle,Vigus,avigusp6@psu.edu,596-134-6296
908,Giusto,MacElholm,gmacelholmp7@wikipedia.org,863-927-8326
909,Audre,Clogg,acloggp8@aboutads.info,565-302-9165
910,Camilla,Stener,cstenerp9@icq.com,872-437-6554
911,Kial,Brownrigg,kbrownriggpa@example.com,770-965-5564
912,Emma,Saunter,esaunterpb@smh.com.au,585-678-2430
913,Elwyn,Cowan,ecowanpc@yelp.com,780-809-5743
914,Vikki,Pollendine,vpollendinepd@jiathis.com,491-900-3484
915,Brodie,Breukelman,bbreukelmanpe@weather.com,532-731-3396
916,Jonie,Ciccetti,jciccettipf@google.com.hk,297-883-5806
917,Donella,Nutbrown,dnutbrownpg@spiegel.de,440-529-7878
918,Tristam,Backs,tbacksph@usgs.gov,810-614-8988
919,Philippe,Wathell,pwathellpi@dot.gov,879-950-4154
920,Charity,Gaynsford,cgaynsfordpj@slate.com,276-306-4058
921,Ursala,Paige,upaigepk@deliciousdays.com,688-641-8914
922,Vevay,Hanway,vhanwaypl@sfgate.com,316-990-6673
923,Emmit,Lutwyche,elutwychepm@buzzfeed.com,709-870-7748
924,Venita,Soughton,vsoughtonpn@ebay.co.uk,539-508-0557
925,Ilyse,Hammerich,ihammerichpo@jalbum.net,937-584-1220
926,Mervin,Owbrick,mowbrickpp@bbb.org,379-917-4476
927,Jennine,Harvatt,jharvattpq@google.es,836-160-7404
928,Hephzibah,Elgram,helgrampr@ifeng.com,286-428-5647
929,Chelsy,Ferson,cfersonps@sina.com.cn,264-327-4473
930,Maxim,Barnewall,mbarnewallpt@cnet.com,132-340-9318
931,Sandi,Curtoys,scurtoyspu@macromedia.com,300-396-8986
932,Alexandra,Cabena,acabenapv@1688.com,452-210-5280
933,Martguerita,Lewnden,mlewndenpw@usgs.gov,701-947-9866
934,Karrie,Alliberton,kallibertonpx@storify.com,289-916-7512
935,Debra,Wallen,dwallenpy@blinklist.com,928-856-7206
936,Celinka,Gilcrist,cgilcristpz@berkeley.edu,553-268-2481
937,Spense,Haskell,shaskellq0@psu.edu,632-749-5830
938,Loella,Kulver,lkulverq1@yelp.com,217-727-7153
939,Cassie,Clemenson,cclemensonq2@berkeley.edu,843-594-2755
940,Carissa,Bagenal,cbagenalq3@ning.com,195-532-8913
941,Aubrey,Murthwaite,amurthwaiteq4@about.me,292-629-1952
942,Octavius,McSperrin,omcsperrinq5@dot.gov,930-818-5332
943,Dyan,Philott,dphilottq6@google.co.uk,976-803-2918
944,Ailina,Van Hove,avanhoveq7@google.com.au,499-430-2906
945,Marylinda,Planks,mplanksq8@patch.com,118-302-8063
946,Bettine,Pilsbury,bpilsburyq9@japanpost.jp,553-914-7097
947,Kare,Gerrelt,kgerreltqa@com.com,332-123-8281
948,Allyson,Tudge,atudgeqb@ihg.com,542-551-2448
949,Glendon,Swaile,gswaileqc@purevolume.com,920-566-0172
950,Ashlan,Caldera,acalderaqd@stumbleupon.com,650-225-6209
951,Clementia,McGourty,cmcgourtyqe@businessinsider.com,100-327-6859
952,Enrica,Mc Faul,emcfaulqf@xing.com,534-867-0640
953,Belita,Crasswell,bcrasswellqg@amazon.de,423-258-3931
954,Lorraine,Peter,lpeterqh@linkedin.com,686-452-6578
955,Elaine,Pendrich,ependrichqi@who.int,702-785-7622
956,Jacquelin,Rawne,jrawneqj@bing.com,834-926-3147
957,Carrie,Silverwood,csilverwoodqk@cargocollective.com,188-725-5046
958,Brockie,Tring,btringql@technorati.com,119-582-9105
959,Thorsten,Cowl,tcowlqm@meetup.com,888-920-3922
960,Alexis,Stockman,astockmanqn@wikia.com,572-858-3920
961,Sal,Greeno,sgreenoqo@tmall.com,919-822-8348
962,Brande,Teers,bteersqp@youtube.com,938-374-6752
963,Quincy,Geach,qgeachqq@msu.edu,928-181-5461
964,Imogene,Planke,iplankeqr@over-blog.com,773-488-3989
965,Wileen,Rayman,wraymanqs@deviantart.com,314-719-9009
966,Marcie,Owenson,mowensonqt@wordpress.com,886-366-1475
967,Meggie,Walpole,mwalpolequ@tinypic.com,438-951-3405
968,Desiri,Ficken,dfickenqv@reuters.com,615-543-7110
969,Joline,Kinzett,jkinzettqw@furl.net,943-483-6453
970,Marni,Nairn,mnairnqx@com.com,898-526-0308
971,Cooper,Littlewood,clittlewoodqy@washington.edu,373-255-9503
972,Siffre,McLoughlin,smcloughlinqz@amazon.co.jp,309-902-1411
973,Cad,Tweedie,ctweedier0@clickbank.net,234-821-3474
974,Lissi,Aslen,laslenr1@bbc.co.uk,239-144-1070
975,Germain,Sutterby,gsutterbyr2@gravatar.com,959-398-4668
976,Mannie,Defrain,mdefrainr3@dropbox.com,248-679-5823
977,Kit,Dumphries,kdumphriesr4@hostgator.com,176-105-6538
978,Bert,Wardhaugh,bwardhaughr5@aol.com,866-585-1356
979,Giorgi,Redwall,gredwallr6@dropbox.com,482-826-4251
980,Clara,Older,colderr7@npr.org,964-145-3541
981,Stevie,Neilson,sneilsonr8@free.fr,523-837-2932
982,Jobye,Wake,jwaker9@omniture.com,682-822-0113
983,Tarah,Bootton,tboottonra@businesswire.com,514-322-7355
984,Deeann,Huws,dhuwsrb@yale.edu,649-459-4819
985,Pris,Stuehmeier,pstuehmeierrc@linkedin.com,223-508-2140
986,Elana,Marlen,emarlenrd@pen.io,452-522-1122
987,Riordan,Frankowski,rfrankowskire@walmart.com,635-466-2625
988,Bordy,Mowen,bmowenrf@cmu.edu,776-576-5790
989,Malchy,Bailles,mbaillesrg@sitemeter.com,617-249-7991
990,Elmore,Joddins,ejoddinsrh@cbc.ca,225-467-4688
991,Katerina,Nuzzi,knuzziri@cisco.com,956-815-0358
992,Jewell,Piggrem,jpiggremrj@msn.com,145-592-7398
993,Latisha,Lockney,llockneyrk@paypal.com,955-528-3611
994,Enoch,Martinat,emartinatrl@privacy.gov.au,794-518-4777
995,Timothea,MacCaffrey,tmaccaffreyrm@indiatimes.com,247-640-8237
996,Heda,Bramo,hbramorn@dion.ne.jp,680-165-4034
997,Calida,MacDougall,cmacdougallro@ucoz.ru,811-882-0796
998,Greta,Gelsthorpe,ggelsthorperp@meetup.com,316-940-4553
999,Karney,McLevie,kmclevierq@linkedin.com,864-466-8373
1000,Pierette,Loverock,ploverockrr@moonfruit.com,828-939-4619
