first_name,last_name,email,phonenumber
Francoise,Rautenstrauch,francoise.rautenstrauch@rautenstrauch.com,519-569-8399
Kendra,Loud,kloud@gmail.com,506-363-1526
Lourdes,Bauswell,lourdes_bauswell@aol.com,613-903-7043
Hannah,Edmison,hannah@yahoo.com,604-334-3686
Tom,Loeza,tom.loeza@gmail.com,514-487-6096
Queenie,Kramarczyk,queenie.kramarczyk@kramarczyk.org,306-421-5793
Hui,Portaro,hui_portaro@cox.net,506-827-7755
Josefa,Opitz,josefa.opitz@opitz.org,519-788-7645
Lea,Steinhaus,lsteinhaus@cox.net,905-618-8258
Paola,Vielma,paola_vielma@aol.com,905-456-1117
Hortencia,Bresser,hbresser@aol.com,902-256-6791
Leanna,Tijerina,leanna@cox.net,416-719-2114
Danilo,Pride,danilo_pride@hotmail.com,403-212-4945
Huey,Marcille,huey.marcille@gmail.com,780-639-3619
Apolonia,Warne,apolonia@gmail.com,506-978-1488
Chandra,Lagos,chandra.lagos@lagos.org,416-716-6446
Crissy,Pacholec,crissy@aol.com,705-477-2307
Gianna,Branin,gianna@aol.com,403-337-7162
Valentin,Billa,vbilla@yahoo.com,306-291-5073
Ilona,Dudash,idudash@dudash.com,819-536-7034
Willard,Lablanc,wlablanc@yahoo.com,780-384-5410
Lauryn,Randol,lauryn@yahoo.com,604-236-4625
Laurena,Begin,laurena.begin@begin.com,519-790-8660
Elise,Michelle,elise@gmail.com,905-652-4509
Corrie,Kardell,corrie_kardell@aol.com,514-203-7817
Kimberely,Rabuse,kimberely.rabuse@cox.net,519-912-5533
Tish,Violett,tish.violett@violett.com,450-840-7605
Hollis,Stanfield,hollis.stanfield@aol.com,780-574-5620
Andree,Christmann,andree.christmann@cox.net,519-872-6826
Lyla,Fucillo,lyla_fucillo@cox.net,902-844-1174
Felton,Yafuso,felton.yafuso@gmail.com,613-749-1169
Dell,Polino,dell_polino@polino.com,819-255-1725
Nohemi,Leko,nohemi@aol.com,705-838-9265
Tambra,Lembke,tlembke@lembke.org,250-353-7479
Vicki,Maikoksoong,vicki@gmail.com,604-231-6180
Renato,Airhart,renato_airhart@hotmail.com,403-444-2250
Lenita,Darbro,lenita@yahoo.com,250-749-4517
Barney,Hagen,barney@yahoo.com,450-526-5424
Matthew,Armacost,matthew_armacost@gmail.com,705-417-7221
Belen,Nelton,bnelton@gmail.com,250-768-5812
Iesha,Wardle,iesha@gmail.com,416-989-2001
Francesco,Sarchet,francesco@hotmail.com,306-524-4509
Paulene,Rhule,paulene_rhule@rhule.org,418-348-2107
Carole,Hughlett,carole_hughlett@hughlett.com,604-262-8556
Miss,Dunning,mdunning@gmail.com,306-508-8874
Elfrieda,Hinsch,elfrieda_hinsch@hinsch.org,250-454-9384
Edelmira,Calzado,edelmira@hotmail.com,306-611-7185
Jaime,Wasurick,jaime_wasurick@hotmail.com,450-531-8633
Lera,Hua,lhua@aol.com,506-556-4300
Jame,Mastro,jmastro@aol.com,519-920-7003
Jillian,Hailstone,jhailstone@yahoo.com,905-864-2257
Louis,Zarling,louis@zarling.com,418-568-3216
Emmett,Mcshaw,emmett_mcshaw@cox.net,705-581-1220
Tammy,Sams,tammy_sams@sams.com,250-226-1002
Willis,Wylie,willis@yahoo.com,418-833-1949
Maxima,Brzozowski,mbrzozowski@aol.com,905-569-6732
Boris,Latif,boris.latif@latif.com,418-459-4884
Salina,Knavel,salina.knavel@gmail.com,613-280-7170
Justa,Dini,justa.dini@hotmail.com,250-982-9377
Amalia,Wolfgang,amalia_wolfgang@wolfgang.org,519-219-3608
Felix,Tutterrow,ftutterrow@tutterrow.org,519-426-7161
Eura,Mcglocklin,eura@mcglocklin.org,306-979-2571
Lang,Heuring,lang@cox.net,519-985-7311
Agustin,Lakatos,agustin.lakatos@hotmail.com,819-365-5394
Jaime,Lowrance,jaime.lowrance@lowrance.org,204-438-6204
Carman,Gudiel,carman@gmail.com,709-366-8943
Argelia,Hofbauer,argelia.hofbauer@cox.net,604-823-2881
Mammie,Cisney,mammie@cox.net,514-205-4258
Rashad,Menino,rashad.menino@menino.com,613-697-2555
Janna,Bastain,janna@bastain.com,604-575-7837
Callie,Neikirk,callie.neikirk@neikirk.org,905-465-6909
Coral,Helmcamp,coral.helmcamp@helmcamp.org,416-589-6075
Xenia,Mushero,xenia@aol.com,613-714-1829
Adelle,Nitcher,anitcher@aol.com,905-998-3758
Hildegarde,Wehrwein,hwehrwein@gmail.com,604-960-7463
Phuong,Sugai,psugai@gmail.com,450-501-4406
Leontine,Lafoy,llafoy@aol.com,418-271-8667
Darell,Mcalarney,darell_mcalarney@mcalarney.com,905-846-7737
Madonna,Landman,madonna.landman@landman.com,250-307-7698
Chuck,Berggren,chuck@gmail.com,709-534-6576
Gregg,Epperheimer,gepperheimer@aol.com,514-302-4158
Yan,Bubrig,yan@cox.net,506-493-4894
Stephanie,Garlett,stephanie.garlett@gmail.com,613-557-7338
Alberto,Stenquist,alberto_stenquist@stenquist.org,905-435-9456
Wayne,Shivers,wayne@aol.com,418-374-1965
Kristal,Bothe,kristal@hotmail.com,709-976-5766
Florencia,Stadel,fstadel@gmail.com,519-961-7871
Darrin,Tumolillo,darrin@tumolillo.com,306-748-5721
Freeman,Rudig,freeman@yahoo.com,450-347-6388
Lazaro,Mollison,lazaro@gmail.com,450-356-6427
Ellsworth,Rieg,erieg@hotmail.com,613-862-4724
Brinda,Mrkvicka,brinda.mrkvicka@gmail.com,506-392-8334
Florinda,Mackedanz,florinda_mackedanz@mackedanz.org,506-230-8075
Nadine,Swartzbeck,nadine_swartzbeck@swartzbeck.org,450-353-2331
Arlette,Torchio,arlette_torchio@hotmail.com,514-459-6883
Adolph,Krivanec,akrivanec@hotmail.com,416-736-1436
Georgiana,Colbath,gcolbath@hotmail.com,450-409-1254
Rana,Lehn,rlehn@yahoo.com,905-286-8285
Chi,Morgan,chi@gmail.com,418-922-5578
Starr,Prothro,sprothro@prothro.com,418-811-3750
Glennis,Roseum,glennis.roseum@gmail.com,204-514-9319
Thea,Petermeier,thea@hotmail.com,418-360-6739
Rosalind,Persechino,rosalind.persechino@aol.com,613-975-5760
Shenika,Tapian,shenika.tapian@aol.com,613-219-1869
Veta,Vandeberg,vvandeberg@gmail.com,506-996-1241
Herschel,Geneseo,herschel@geneseo.com,416-786-7887
Dianne,Tomasic,dianne@yahoo.com,902-938-6891
Micah,Gerten,micah@cox.net,709-581-5842
Kaycee,Alaibilla,kaycee.alaibilla@yahoo.com,604-992-6045
Tesha,Brang,tesha@aol.com,514-432-5290
Marya,Chhour,marya@cox.net,403-382-4146
Ronnie,Kettelle,ronnie_kettelle@aol.com,902-367-7042
Mabel,Fower,mabel_fower@fower.com,418-339-7473
Harley,Works,harley@cox.net,519-913-7772
Joye,Nedman,joye@cox.net,306-991-3698
Luisa,Harnish,lharnish@harnish.com,604-399-1449
Stacey,Lortz,stacey_lortz@aol.com,416-310-1610
Reyes,Mesmer,reyes@mesmer.org,905-402-9203
Avery,Demus,avery.demus@aol.com,604-548-4412
Colby,Scotts,cscotts@aol.com,705-668-5094
Afton,Wrinkle,awrinkle@wrinkle.org,613-851-7883
India,Sifford,isifford@sifford.org,416-866-6707
Brunilda,Coin,brunilda_coin@aol.com,506-327-7460
Jenifer,Emanuel,jemanuel@emanuel.com,250-947-2063
Makeda,Nosis,makeda.nosis@yahoo.com,416-827-4082
Vivan,Oppy,voppy@gmail.com,306-325-3090
Eric,Gazzola,eric@cox.net,418-274-7373
Thersa,Davirro,thersa.davirro@aol.com,250-540-5275
Mindy,Presnal,mpresnal@yahoo.com,604-213-8721
Luis,Metzner,lmetzner@metzner.org,819-860-8913
Dawne,Mcloud,dmcloud@cox.net,905-760-9649
Karrie,Kinikini,karrie_kinikini@kinikini.org,250-384-7658
Mozelle,Hermon,mozelle_hermon@cox.net,506-573-3112
Mila,Hair,mhair@cox.net,514-945-2978
Gilma,Jefferys,gjefferys@aol.com,902-804-8543
Armanda,Mcduffie,armanda.mcduffie@hotmail.com,450-866-7181
Vonda,Normandeau,vonda@yahoo.com,450-706-3809
Truman,Mondale,truman.mondale@aol.com,705-757-7389
Elvis,Tenuta,elvis_tenuta@tenuta.org,403-415-1285
Loise,Dedaj,loise@aol.com,306-964-9291
Jannette,Pedder,jpedder@pedder.com,604-953-5335
Margo,Rand,margo@rand.org,905-781-3868
Dahlia,Benett,dahlia_benett@aol.com,418-344-9993
Dominga,Mckeon,dominga_mckeon@yahoo.com,819-627-1581
Hollis,Keomuangtai,hollis.keomuangtai@cox.net,905-928-5294
Carry,Ziller,carry@cox.net,519-847-8783
Bong,Fears,bfears@fears.org,514-308-1992
Yolande,Staiano,yolande_staiano@gmail.com,613-700-7712
Lottie,Hegdahl,lottie_hegdahl@aol.com,905-638-1034
Jose,Kylish,jose.kylish@aol.com,514-211-3774
Tuyet,Abramovitz,tuyet.abramovitz@abramovitz.com,905-790-7938
Pearline,Provenzano,pearline.provenzano@provenzano.org,905-734-9102
Robt,Hankison,robt_hankison@cox.net,418-874-8104
Shawnee,Kesten,shawnee@yahoo.com,902-208-1038
Lacresha,Quinones,lacresha@hotmail.com,450-213-1080
Basilia,Vinroe,basilia.vinroe@gmail.com,418-386-6120
Aleisha,Areizaga,aareizaga@hotmail.com,418-408-1640
Frank,Tryninewski,ftryninewski@gmail.com,306-653-1772
Ria,Steinhorst,ria.steinhorst@steinhorst.com,418-319-1374
Carla,Kallenberger,carla@aol.com,519-646-7797
Lashanda,Skahan,lashanda.skahan@aol.com,506-497-2698
Jarod,Catalina,jcatalina@aol.com,705-369-2146
Leoma,Rabago,leoma.rabago@hotmail.com,250-810-7815
Yasuko,Greeves,ygreeves@cox.net,250-891-6910
Jimmie,Snelling,jimmie.snelling@gmail.com,905-772-1416
Titus,Dugre,titus.dugre@dugre.org,819-983-1846
Joanne,Teoh,joanne@yahoo.com,905-219-6895
Suzi,Groom,suzi.groom@groom.org,604-700-2946
Denny,Amazan,denny@amazan.com,604-239-4105
Willie,Coughlan,willie@aol.com,819-869-6389
Margurite,Brake,margurite.brake@yahoo.com,519-476-5983
Arlen,Romack,arlen.romack@yahoo.com,506-218-3036
Shaniqua,Corna,shaniqua@yahoo.com,416-573-9093
William,Boccard,william@gmail.com,514-606-4631
Silva,Riviere,silva.riviere@riviere.org,514-319-4125
Gearldine,Haberle,gearldine_haberle@hotmail.com,403-810-3712
Azalee,Aja,azalee.aja@cox.net,450-515-9694
Kimbery,Plikerd,kimbery.plikerd@cox.net,250-504-9388
Ricarda,Kratt,rkratt@yahoo.com,902-614-2197
Macy,Massay,macy@hotmail.com,204-656-8450
Carol,Normington,carol@gmail.com,418-540-2207
Blythe,Czaplinski,blythe_czaplinski@czaplinski.com,403-775-4053
Tanesha,Tesseneer,tanesha_tesseneer@hotmail.com,416-568-3388
Yaeko,Orndoff,yaeko_orndoff@orndoff.org,519-625-4433
Broderick,Lorenz,broderick_lorenz@hotmail.com,306-285-1574
Twila,Shadle,tshadle@shadle.com,250-862-6746
Sarina,Pead,spead@cox.net,905-696-6221
Candra,Peets,candra@hotmail.com,705-799-1235
Von,Aprigliano,von@aol.com,604-986-3233
Natalya,Verso,natalya_verso@yahoo.com,519-736-9305
Stanton,Rigazio,srigazio@rigazio.org,416-801-7398
Dona,Larner,dona@hotmail.com,416-884-9104
Cortney,Choice,cortney.choice@choice.com,450-339-6016
Ira,Betterton,ira.betterton@yahoo.com,902-240-7029
Vanna,Pickle,vanna_pickle@aol.com,905-309-4565
Bo,Sabota,bo_sabota@sabota.com,204-210-4967
Nathalie,Corners,nathalie_corners@corners.org,705-736-4801
Rodney,Lockamy,rodney_lockamy@aol.com,613-273-5773
Elena,Hairr,ehairr@hotmail.com,709-399-4807
Blossom,Kraatz,blossom_kraatz@kraatz.org,416-631-1863
Loreen,Griepentrog,loreen_griepentrog@aol.com,613-684-4467
Tayna,Keirnan,tayna_keirnan@gmail.com,705-655-5936
Nieves,Planty,nplanty@gmail.com,705-616-5386
Glenn,Robinault,glenn.robinault@cox.net,514-330-5479
Julianna,Racer,jracer@cox.net,506-752-6097
Ashton,Nitchals,ashton@cox.net,905-725-6769
Shaun,Scovil,shaun_scovil@aol.com,905-907-6615
Long,Shintaku,long.shintaku@shintaku.org,450-771-5010
Vinnie,Meir,vmeir@meir.com,416-862-7028
Lucia,Flipp,lucia@aol.com,416-870-8070
Corazon,Ivaska,corazon@ivaska.org,306-333-8933
Jaime,Perugini,jaime_perugini@perugini.com,514-950-4495
Miriam,Stakes,miriam.stakes@yahoo.com,905-441-5009
Vallie,Nigl,vallie@yahoo.com,604-848-3170
Sheldon,Isachsen,sheldon@isachsen.org,902-330-7314
Nickie,Balonek,nickie.balonek@balonek.com,604-556-1080
Fletcher,Caneles,fcaneles@caneles.com,905-992-1637
Rutha,Eisert,rutha@eisert.com,905-468-2503
Brandon,Geigel,bgeigel@gmail.com,604-940-9313
Franchesca,Lamme,franchesca_lamme@yahoo.com,902-715-9684
Lorriane,Naddeo,lorriane.naddeo@naddeo.org,250-544-1482
Asuncion,Berson,aberson@aol.com,204-318-1929
Georgiann,Hoerter,georgiann_hoerter@hoerter.com,819-632-2869
Hershel,Bultron,hershel_bultron@bultron.org,519-844-4835
Chu,Collopy,chu@aol.com,819-677-1206
Bettina,Vosmus,bettina@hotmail.com,604-752-9256
Lynsey,Sport,lynsey.sport@aol.com,604-525-6939
Phil,Kuechler,phil_kuechler@gmail.com,418-940-4070
Cordelia,Nicks,cnicks@nicks.org,905-975-4308
Georgeanna,Marrano,gmarrano@gmail.com,905-366-7378
Rosendo,Lanter,rosendo@hotmail.com,306-700-6743
Jerilyn,Norcia,jerilyn@hotmail.com,519-978-7661
Elfriede,Bakeley,ebakeley@bakeley.com,506-404-8558
Harris,Sheck,harris@cox.net,514-257-9319
Leonor,Beilinson,leonor.beilinson@hotmail.com,613-338-5158
Terrilyn,Waska,terrilyn_waska@hotmail.com,819-670-6020
Maddie,Foulds,maddie@hotmail.com,514-874-9519
Melynda,Anstead,melynda@hotmail.com,450-470-3593
Odette,Thigpen,othigpen@thigpen.com,709-744-4165
Steffanie,Meinen,steffanie.meinen@cox.net,514-964-9106
Antonette,Stimac,antonette_stimac@stimac.org,519-670-5269
Thora,Daneker,tdaneker@daneker.com,819-648-4049
Nada,Massanet,nmassanet@yahoo.com,604-570-1494
Ivette,Dills,idills@cox.net,902-244-5318
Devon,Delacerda,devon@hotmail.com,250-525-4631
Lon,Tibbles,lon.tibbles@cox.net,905-233-1845
Tennie,Santanna,tennie@aol.com,819-261-5496
Fidelia,Vilven,fvilven@vilven.org,416-892-4321
Michal,Gunyan,michal_gunyan@gunyan.com,418-399-6819
Enola,Yandow,eyandow@cox.net,902-539-1621
Meghann,Mamudoski,meghann@cox.net,902-348-8759
Latanya,Mattia,lmattia@yahoo.com,204-649-9481
Chandra,Firlik,chandra@gmail.com,905-451-3719
Barney,Dewer,bdewer@gmail.com,902-287-1148
Ocie,Chreene,ocie.chreene@aol.com,613-756-9548
Precious,Dubray,precious.dubray@dubray.com,705-607-6992
Sanda,Laramie,slaramie@laramie.org,250-700-8923
Gaynell,Benavente,gaynell@hotmail.com,807-284-2501
Bethanie,Cutsforth,bethanie_cutsforth@cutsforth.org,519-328-4250
Yvette,Capiga,yvette.capiga@yahoo.com,403-919-6456
Alana,Blackmon,ablackmon@gmail.com,416-386-8947
Lakeesha,Beachel,lakeesha_beachel@aol.com,604-352-7502
Ailene,Friedman,ailene@yahoo.com,506-907-7068
Valene,Madson,valene@madson.org,418-646-3844
Floyd,Bub,fbub@bub.com,416-557-9767
Josue,Hatherly,jhatherly@hatherly.org,416-337-2239
Johnathon,Wadden,johnathon_wadden@hotmail.com,705-646-2781
Kenneth,Drizin,kdrizin@aol.com,819-999-6396
Leila,Titzer,leila_titzer@aol.com,403-733-8035
Marquetta,Quinlisk,marquetta_quinlisk@aol.com,514-950-3156
Annamae,Beliles,abeliles@gmail.com,604-877-2244
An,Dosal,adosal@hotmail.com,819-324-8832
Karina,Cortesi,karina_cortesi@hotmail.com,450-252-9611
Otis,Luong,oluong@gmail.com,519-739-4515
Brendan,Kasperek,brendan_kasperek@yahoo.com,604-947-9315
Keith,Evartt,kevartt@evartt.com,506-229-5393
Paulina,Arand,paulina_arand@cox.net,204-636-8766
Cherelle,Welschmeyer,cherelle@hotmail.com,519-322-9933
Percy,Neelon,percy_neelon@cox.net,418-537-1430
Margot,Storrs,mstorrs@cox.net,905-309-5010
Paris,Bellis,paris@gmail.com,519-909-5933
Sina,Masiejczyk,smasiejczyk@cox.net,416-369-7013
Kimi,Selfe,kimi@cox.net,418-795-3880
Chun,Richrdson,chun_richrdson@richrdson.org,306-245-2534
Lelia,Thiemann,lelia.thiemann@yahoo.com,250-671-3851
Cordell,Zinda,cordell_zinda@cox.net,819-508-6057
Dorothy,Aitken,dorothy.aitken@cox.net,905-554-3838
Chauncey,Mcelreath,chauncey.mcelreath@yahoo.com,613-908-7090
Tenesha,Stropko,tenesha.stropko@aol.com,506-629-6209
Anjelica,Lovero,anjelica@lovero.org,902-386-1443
Olga,Adessa,oadessa@cox.net,905-775-6413
Monte,Tindal,monte@cox.net,450-637-6499
Pamela,Mccoskey,pamela.mccoskey@gmail.com,450-282-1236
Toshia,Lippoldt,toshia_lippoldt@aol.com,418-759-7863
Polly,Sandusky,polly.sandusky@cox.net,905-705-6018
Judy,Boerboom,jboerboom@boerboom.com,709-560-7848
Celestine,Pritt,celestine_pritt@cox.net,613-875-3120
Murray,Fode,mfode@yahoo.com,514-921-5562
Shoshana,Courter,shoshana@courter.org,519-396-2906
Glendora,Pezley,glendora.pezley@cox.net,780-508-2609
Carlene,Kana,ckana@kana.com,519-930-5055
Adria,Gilliam,adria_gilliam@cox.net,905-563-9396
Paola,Perkins,paola.perkins@aol.com,780-573-8903
Elina,Maury,elina.maury@hotmail.com,416-582-4379
Emile,Dorio,edorio@cox.net,450-529-3773
Zoila,Lannigan,zlannigan@aol.com,416-322-9207
Yong,Yestramski,yong_yestramski@aol.com,519-344-3979
Leontine,Stalma,lstalma@stalma.org,519-641-7145
Troy,Dicus,troy_dicus@yahoo.com,613-938-7999
Annamaria,Vanhuss,annamaria.vanhuss@cox.net,905-495-3301
Dorothea,Lowther,dorothea_lowther@yahoo.com,705-793-4986
Marion,Letran,marion_letran@cox.net,819-966-7240
Avery,Masso,avery.masso@hotmail.com,902-588-8947
Trinidad,Bredernitz,trinidad@yahoo.com,514-561-2312
Herminia,Penso,hpenso@cox.net,780-740-5294
Val,Bigaud,val_bigaud@aol.com,514-726-2573
Renay,Oviedo,renay.oviedo@oviedo.com,416-336-6767
Buck,Kotow,buck_kotow@aol.com,807-668-2676
Toi,Rollison,toi_rollison@rollison.com,450-714-2875
Shanice,Pennel,shanice.pennel@pennel.org,613-850-3405
Oliva,Ramerez,oramerez@yahoo.com,403-690-1059
Tamera,Crocker,tcrocker@cox.net,780-833-7024
Melvin,Rather,melvin.rather@aol.com,819-418-3496
Essie,Fitzke,essie_fitzke@fitzke.org,506-785-2719
Shay,Knieper,shay.knieper@gmail.com,450-806-3050
Ruby,Sensibaugh,ruby@sensibaugh.com,604-553-2468
Caren,Doscher,cdoscher@doscher.org,403-344-3614
Frank,Amend,frank@yahoo.com,519-823-9369
Lasandra,Frisinger,lfrisinger@cox.net,604-210-7413
Sommer,Frere,sfrere@yahoo.com,450-777-9643
Gretchen,Mckeon,gretchen.mckeon@gmail.com,250-617-7197
Providencia,Marien,providencia.marien@marien.com,613-256-5226
Lindsey,Arnoldi,larnoldi@arnoldi.com,250-387-4636
Romana,Riesgraf,romana_riesgraf@hotmail.com,506-310-3728
Nobuko,Logwood,nobuko.logwood@cox.net,519-739-4745
Shawnna,Arredondo,sarredondo@arredondo.com,613-996-1062
Doyle,Hathcox,doyle.hathcox@aol.com,250-227-4140
Jacinta,Deppen,jdeppen@cox.net,250-203-5054
Tawanna,Kuamoo,tawanna_kuamoo@gmail.com,418-734-9693
Christa,Cloutier,ccloutier@hotmail.com,403-461-2407
Noe,Kotz,nkotz@kotz.org,250-901-1245
Ellen,Fajen,ellen.fajen@aol.com,780-720-7927
Tequila,Pelletier,tequila_pelletier@cox.net,905-692-6934
Tawny,Bonventre,tbonventre@aol.com,604-632-4346
Rosalyn,Mcspedon,rosalyn.mcspedon@mcspedon.org,613-362-7798
Noble,Miyata,noble_miyata@gmail.com,519-346-6651
Lucille,Hubbell,lhubbell@yahoo.com,250-904-7361
Azzie,Tuazon,azzie.tuazon@hotmail.com,905-208-4039
Darci,Arau,darci@cox.net,819-294-4679
King,Suman,king@cox.net,418-470-4541
Denny,Zeanah,denny_zeanah@zeanah.com,514-224-2722
Anissa,Frayer,afrayer@frayer.com,604-925-4225
Rosann,Heinricher,rosann_heinricher@heinricher.com,450-474-6397
Jeannine,Rippy,jeannine_rippy@rippy.com,902-811-1450
Lashaun,Casteneda,lashaun.casteneda@casteneda.com,780-751-5370
Miesha,Walen,miesha@aol.com,705-646-4992
Marva,Kountz,marva@gmail.com,416-494-3939
Dion,Lamastus,dion_lamastus@lamastus.com,418-212-6756
Hassie,Sarkin,hassie_sarkin@aol.com,902-210-1513
Jin,Perry,jin_perry@gmail.com,416-463-6411
Demetra,Peth,demetra_peth@aol.com,819-858-7901
Irene,Benauides,irene.benauides@gmail.com,506-251-3150
Colton,Pesqueira,cpesqueira@hotmail.com,905-796-8265
William,Cilento,william.cilento@gmail.com,403-251-6126
Shannan,Cupit,shannan@cox.net,416-266-5891
Shelba,Kast,shelba.kast@yahoo.com,902-654-7334
Dorcas,Diebold,dorcas_diebold@diebold.com,905-860-8703
Rochell,Wetherby,rwetherby@wetherby.org,418-362-9768
Amber,Windell,amber.windell@cox.net,604-864-2113
Stefanie,Prinkey,stefanie_prinkey@prinkey.org,604-833-9067
Kenia,Sharples,kenia_sharples@hotmail.com,403-341-7208
Jacquline,Libbey,jacquline@cox.net,418-682-7368
Lavina,Michelet,lavina.michelet@michelet.org,514-842-3549
Billi,Kazar,bkazar@hotmail.com,604-458-2387
Aron,Leuthold,aron_leuthold@leuthold.com,604-637-3549
Annice,Tartar,atartar@cox.net,819-342-1651
Hyun,Zarazua,hyun_zarazua@cox.net,519-287-4120
Shala,Ogle,shala_ogle@ogle.org,418-823-9061
Shasta,Canonico,shasta_canonico@aol.com,705-531-2796
Wenona,Braseth,wenona.braseth@braseth.org,450-751-1928
Marla,Gallati,mgallati@gmail.com,514-872-9323
Myra,Palenik,myra_palenik@palenik.com,418-930-7475
Lawanda,Jacocks,lawanda.jacocks@gmail.com,250-226-8113
Curt,Kohlman,ckohlman@hotmail.com,306-739-3437
Susy,Finstad,sfinstad@aol.com,403-571-8756
Kathrine,Kaper,kkaper@aol.com,902-500-1564
Oneida,Pospishil,opospishil@aol.com,819-511-9240
Allene,Perera,allene@yahoo.com,416-681-6822
Leonardo,Leahman,leonardo@aol.com,403-328-5056
Nakisha,Russi,nakisha_russi@russi.com,403-513-9660
Stephanie,Rolling,srolling@rolling.org,306-510-5011
Florinda,Haycock,florinda_haycock@cox.net,819-820-6568
Merri,Geberth,merri.geberth@geberth.com,204-894-9221
Malcom,Vereen,malcom.vereen@yahoo.com,519-334-1058
Louvenia,Abney,louvenia_abney@hotmail.com,306-256-9309
Alita,Borlace,alita_borlace@yahoo.com,807-289-5397
Noemi,Ill,noemi_ill@ill.com,705-414-4712
Nydia,Ancar,nydia.ancar@ancar.com,780-924-8022
Hana,Meisel,hana.meisel@yahoo.com,403-696-7108
Noel,Marrazzo,noel@cox.net,780-447-2249
Brice,Rowe,brice_rowe@aol.com,613-631-9322
Nguyet,Kitchens,nguyet_kitchens@yahoo.com,403-883-4097
Janae,Mair,janae_mair@cox.net,905-501-5086
Darrel,Makley,dmakley@yahoo.com,506-839-5378
Genevieve,Milionis,genevieve.milionis@hotmail.com,705-467-4142
Giovanna,Bacho,giovanna@cox.net,604-203-8085
Shelton,Spannuth,shelton.spannuth@yahoo.com,204-364-5889
Alison,Mahlum,alison_mahlum@hotmail.com,613-862-3122
Maynard,Zufall,mzufall@gmail.com,604-875-7745
Timothy,Bussert,timothy@bussert.com,416-521-5624
Viola,Eddens,veddens@eddens.org,506-772-3108
Luann,Michon,luann@cox.net,514-578-7262
Mable,Goerke,mable_goerke@cox.net,416-867-5879
Sabine,Kaea,sabine@gmail.com,905-586-1138
Dolores,Moltz,dolores@yahoo.com,506-216-2028
Hannah,Suero,hsuero@yahoo.com,905-543-3967
Sonia,Blan,sblan@blan.com,709-512-6346
Cletus,Stapels,cletus_stapels@cox.net,780-674-7330
Asha,Zoldak,asha_zoldak@hotmail.com,418-470-9730
Verlene,Billow,vbillow@billow.com,905-486-5455
Yesenia,Giglio,yesenia@cox.net,506-858-9797
Tayna,Sine,tayna_sine@sine.com,905-334-8817
Verona,Jobst,verona_jobst@jobst.org,514-842-7487
Denae,Eggers,denae_eggers@gmail.com,204-341-2445
Rikki,Montalgo,rikki@montalgo.com,514-472-6857
Nan,Weekly,nan@weekly.com,519-928-8049
Sherell,Despain,sdespain@hotmail.com,604-344-4458
Coral,Brennick,coral.brennick@brennick.com,450-480-7421
Phyliss,Huelse,phyliss_huelse@aol.com,403-540-2604
Jesse,Wida,jesse@wida.com,905-356-4735
Latonia,Helander,latonia@helander.com,905-723-5674
Aimee,Clozza,aimee_clozza@clozza.org,613-804-8102
Marcelle,Staie,marcelle_staie@aol.com,905-817-1934
Ilda,Schuring,ilda_schuring@schuring.com,780-830-2958
Aileen,Klukken,aklukken@klukken.com,416-390-4510
Davida,Zeng,davida_zeng@yahoo.com,450-375-8192
Beata,Rubarts,beata_rubarts@aol.com,250-808-6765
Angelyn,Wieand,angelyn_wieand@wieand.com,905-838-3914
Claudio,Hummell,claudio_hummell@hotmail.com,403-481-8843
Krystal,Twyman,ktwyman@gmail.com,416-712-8230
Adela,Echegoyen,adela.echegoyen@echegoyen.org,604-571-8392
Ryan,Phibbs,rphibbs@gmail.com,306-621-2626
Edmond,Buettner,edmond_buettner@buettner.org,450-829-7834
Catina,Emmert,catina@gmail.com,807-652-2563
Milly,Pattengale,milly@hotmail.com,780-799-6418
Jules,Erichsen,jules@cox.net,905-929-8054
Denna,Miklitz,dmiklitz@yahoo.com,450-409-1005
Willetta,Cesa,willetta_cesa@gmail.com,902-981-7382
Johna,Magathan,jmagathan@magathan.org,780-994-6272
Ollie,Oliverson,ooliverson@cox.net,416-762-4001
Sherly,Vitrano,svitrano@hotmail.com,902-480-3185
Kindra,Dishong,kdishong@gmail.com,613-510-3295
Vanda,Tentler,vanda_tentler@tentler.org,250-605-3501
Marshall,Fitgerald,marshall_fitgerald@cox.net,403-918-5509
Kelvin,Hasha,khasha@hotmail.com,780-227-7373
Darrin,Mathiasen,dmathiasen@hotmail.com,450-536-7426
Susana,Mccarley,susana_mccarley@gmail.com,519-491-9261
Wilson,Nickelson,wilson_nickelson@aol.com,416-376-7867
Malissa,Talty,malissa@talty.org,506-724-2777
Tandra,Castillanos,tcastillanos@castillanos.com,905-715-9339
Lorean,Sammon,lorean@yahoo.com,306-854-5060
Desirae,Oien,desirae.oien@hotmail.com,403-405-2804
Delsie,Cerao,delsie.cerao@cerao.org,506-795-5209
Mabel,Elmquist,mabel_elmquist@elmquist.com,204-285-3978
Marnie,Purslow,marnie.purslow@purslow.com,204-904-1386
Rene,Granier,rene@cox.net,403-438-9257
Trevor,Harnist,trevor.harnist@hotmail.com,902-782-2576
Sharmaine,Batdorf,sharmaine_batdorf@batdorf.com,506-839-1630
Ricki,Traux,ricki.traux@traux.com,514-657-1920
Bernadine,Shufelt,bernadine_shufelt@shufelt.org,705-693-2982
Shad,Reider,shad_reider@aol.com,780-953-3852
Kenneth,Degennaro,kenneth.degennaro@aol.com,506-763-6456
Marleen,Hennon,marleen_hennon@aol.com,604-545-3662
Joaquin,Geitner,joaquin_geitner@cox.net,403-640-8755
Slyvia,Stockham,slyvia.stockham@aol.com,418-913-7998
Kris,Bala,kris_bala@gmail.com,905-848-5458
Gussie,Diflorio,gussie_diflorio@cox.net,613-857-7922
Lavelle,Lillywhite,lavelle.lillywhite@hotmail.com,418-442-4179
Bev,Dermo,bev.dermo@dermo.com,604-880-6351
Bette,Digiovanni,bette.digiovanni@digiovanni.org,519-882-6434
Lajuana,Mccloud,lajuana_mccloud@hotmail.com,450-272-6370
Shakira,Westervelt,swestervelt@westervelt.org,604-991-8721
Matt,Nickolich,matt@gmail.com,306-891-2346
Clemencia,Momplaisir,cmomplaisir@yahoo.com,514-804-3533
Oliva,Ambert,oambert@gmail.com,506-672-7328
Ranee,Maye,ranee_maye@maye.com,450-700-5970
Ming,Eskew,ming_eskew@eskew.com,250-228-6798
Annice,Peckens,apeckens@peckens.org,250-727-7309
Effie,Frymark,effie_frymark@gmail.com,519-433-4142
Maricela,Conger,mconger@aol.com,604-568-1899
Esteban,Plantenberg,esteban@cox.net,604-519-9547
Doretha,Wykle,doretha@yahoo.com,807-383-4855
Dorsey,Neitzke,dorsey_neitzke@hotmail.com,902-936-9426
Amie,Okuniewski,amie@yahoo.com,613-686-9039
Bulah,Berkoff,bulah.berkoff@cox.net,519-309-5863
Erin,Delbosque,erin@cox.net,450-316-7813
Kassandra,Marushia,kassandra@gmail.com,250-646-6446
Leslee,Matsuno,leslee_matsuno@matsuno.org,418-460-5773
Daniel,Dobler,ddobler@dobler.com,506-617-2607
Antonio,Unruh,antonio.unruh@hotmail.com,604-624-7690